<Metadata>
    <Attribute Name="AlternateProduct" Source="SCRIPT_CONSTANT" Value="NA"></Attribute>
    <Attribute Name="DateTimeMask" Source="SCRIPT_CONSTANT" Value="YYYY/MM/DD HH24:MI:SS"></Attribute>
    <Attribute Name="Facility" Source="SCRIPT_CONSTANT" Value="CZ2:TEROSIL-161"></Attribute>
    <Attribute Name="LotType" Source="SCRIPT_CONSTANT" Value="NA"></Attribute>
    <Attribute Name="Fab" Source="SCRIPT_CONSTANT" Value="CZ2:TEROSIL-161"></Attribute>
    <Attribute Name="LotId" Source="KLARF_1.8" Value="IR71939.90X"></Attribute>
    <Attribute Name="ProbeProgramName" Source="Klarf_1.8_CORRECTION" Value="200"></Attribute>
    <Attribute Name="Process" Source="Klarf_1.8_CORRECTION" Value="200"></Attribute>
    <Attribute Name="Product" Source="KLARF_1.8" Value="PWNL16725PB8S-M"></Attribute>
    <Attribute Name="Pti2" Source="SCRIPT_CONSTANT" Value="NA"></Attribute>
    <Attribute Name="Recipe" Source="KLARF_1.8" Value="PWNL16725PB8S-M"></Attribute>
    <Attribute Name="ResultTime" Source="Klarf_1.8_CORRECTION" Value="2026/05/14 16:04:03"></Attribute>
    <Attribute Name="Slot" Source="KLARF_1.8" Value="21"></Attribute>
    <Attribute Name="SourceLot" Source="Klarf_1.8_CORRECTION" Value="IR71939.S"></Attribute>
    <Attribute Name="StartTime" Source="Klarf_1.8_CORRECTION" Value="2026/05/14 15:48:52"></Attribute>
    <Attribute Name="Step" Source="KLARF_1.8" Value="PWNL16725PB8S-M"></Attribute>
    <Attribute Name="Technology" Source="SCRIPT_CONSTANT" Value="NA"></Attribute>
    <Attribute Name="TesterId" Source="KLARF_1.8" Value="CDSP1T02"></Attribute>
    <Attribute Name="TesterType" Source="KLARF_1.8" Value="SFSSP1"></Attribute>
    <Attribute Name="WaferId" Source="Klarf_1.8_CORRECTION" Value="IR71939-21"></Attribute>
    <Attribute Name="WaferNumber" Source="KLARF_1.8" Value="21"></Attribute>
</Metadata>
Record FileRecord  "1.8"
{
  Record LotRecord "IR71939.90X"
  {
    Record WaferRecord "21"
    {
      Field DieOrigin 2 {0, 0}
      Field OrientationInstructions 1 {""}
      Field ProcessEquipmentState 7 {"NONE", "", "", "", "", "", ""}
      Field SampleCenterLocation 2 {100000000, 100000000}
      Field SlotNumber 1 {21}

      List DefectList
      {
        Columns 46 { int32 DEFECTID,  int32 XREL,  int32 YREL,  int32 XINDEX,  int32 YINDEX,  
        int32 XSIZE,  int32 YSIZE,  float DEFECTAREA,  int32 DSIZE,  int32 CLASSNUMBER,  
        int32 TEST,  int32 CLUSTERNUMBER,  int32 ROUGHBINNUMBER,  int32 FINEBINNUMBER,  int32 REVIEWSAMPLE,  
        int32 SAMPLEBINNUMBER,  float CONTRAST,  int32 CHANNELID,  int32 MANSEMCLASS,  int32 AUTOONSEMCLASS,  
        int32 MICROSIGCLASS,  int32 MACROSIGCLASS,  int32 ADDERFLAG,  int32 AUTOOFFSEMCLASS,  int32 AUTOOFFOPTADC,  
        int32 FACLASS,  int32 INTENSITY,  float KILLPROB,  int32 MACROSIGID,  int32 REGIONID,  
        int32 REPEATER,  int32 EVENTTYPE,  int32 EBRLINE,  ImageList IMAGEINFO,  
        int32 POLARITY,  float CRITICALAREA,  int32 MANOPTCLASS,  float PHI,  int32 DBCLASS,  
        int32 DBGROUP,  float DBCRITICALITYINDEX,  float CELLSIZE,  int32 CAREAREAGROUPCODE,  float PCI,  
        float LINECOMPLEXITY,  float DCIRANGE  }
        Data 846
        {
          1 101183000 99387000 0 0 0 0 0.0 164 0 1 0 100 0 0 0 0.0000 0 0 0 
            0 0 1 0 0 0 0 0.0000 0 0 0 0 0  N 0 0.0000 0 0.0 0 0 0.0000 0.000000 
            0 0.0000 0.0000 0.0000 ;
          2 100980000 97148000 0 0 0 0 0.0 120 0 1 0 0 0 0 0 0.0000 0 0 0 0 
            0 1 0 0 0 0 0.0000 0 0 0 0 0  N 0 0.0000 0 0.0 0 0 0.0000 0.000000 
            0 0.0000 0.0000 0.0000 ;
          3 103613000 99077000 0 0 0 0 0.0 121 0 1 0 0 0 0 0 0.0000 0 0 0 0 
            0 1 0 0 0 0 0.0000 0 0 0 0 0  N 0 0.0000 0 0.0 0 0 0.0000 0.000000 
            0 0.0000 0.0000 0.0000 ;
          4 99353000 103882000 0 0 0 0 0.0 160 0 1 0 0 0 0 0 0.0000 0 0 0 0 
            0 1 0 0 0 0 0.0000 0 0 0 0 0  N 0 0.0000 0 0.0 0 0 0.0000 0.000000 
            0 0.0000 0.0000 0.0000 ;
          5 101659000 103700000 0 0 0 0 0.0 126 0 1 0 0 0 0 0 0.0000 0 0 0 
            0 0 1 0 0 0 0 0.0000 0 0 0 0 0  N 0 0.0000 0 0.0 0 0 0.0000 0.000000 
            0 0.0000 0.0000 0.0000 ;
          6 103400000 102608000 0 0 0 0 0.0 130 0 1 0 0 0 0 0 0.0000 0 0 0 
            0 0 1 0 0 0 0 0.0000 0 0 0 0 0  N 0 0.0000 0 0.0 0 0 0.0000 0.000000 
            0 0.0000 0.0000 0.0000 ;
          7 102254000 104092000 0 0 0 0 0.0 132 0 1 0 0 0 0 0 0.0000 0 0 0 
            0 0 1 0 0 0 0 0.0000 0 0 0 0 0  N 0 0.0000 0 0.0 0 0 0.0000 0.000000 
            0 0.0000 0.0000 0.0000 ;
          8 95405000 97462000 0 0 0 0 0.0 124 0 1 0 0 0 0 0 0.0000 0 0 0 0 
            0 1 0 0 0 0 0.0000 0 0 0 0 0  N 0 0.0000 0 0.0 0 0 0.0000 0.000000 
            0 0.0000 0.0000 0.0000 ;
          9 101478000 105760000 0 0 0 0 0.0 131 0 1 0 0 0 0 0 0.0000 0 0 0 
            0 0 1 0 0 0 0 0.0000 0 0 0 0 0  N 0 0.0000 0 0.0 0 0 0.0000 0.000000 
            0 0.0000 0.0000 0.0000 ;
          10 97518000 94927000 0 0 0 0 0.0 130 0 1 0 0 0 0 0 0.0000 0 0 0 0 
            0 1 0 0 0 0 0.0000 0 0 0 0 0  N 0 0.0000 0 0.0 0 0 0.0000 0.000000 
            0 0.0000 0.0000 0.0000 ;
          11 104343000 96115000 0 0 0 0 0.0 130 0 1 0 0 0 0 0 0.0000 0 0 0 
            0 0 1 0 0 0 0 0.0000 0 0 0 0 0  N 0 0.0000 0 0.0 0 0 0.0000 0.000000 
            0 0.0000 0.0000 0.0000 ;
          12 96509000 95136000 0 0 0 0 0.0 140 0 1 0 0 0 0 0 0.0000 0 0 0 0 
            0 1 0 0 0 0 0.0000 0 0 0 0 0  N 0 0.0000 0 0.0 0 0 0.0000 0.000000 
            0 0.0000 0.0000 0.0000 ;
          13 93957000 96442000 0 0 0 0 0.0 124 0 1 0 0 0 0 0 0.0000 0 0 0 0 
            0 1 0 0 0 0 0.0000 0 0 0 0 0  N 0 0.0000 0 0.0 0 0 0.0000 0.000000 
            0 0.0000 0.0000 0.0000 ;
          14 108028000 101024000 0 0 0 0 0.0 127 0 1 0 0 0 0 0 0.0000 0 0 0 
            0 0 1 0 0 0 0 0.0000 0 0 0 0 0  N 0 0.0000 0 0.0 0 0 0.0000 0.000000 
            0 0.0000 0.0000 0.0000 ;
          15 107403000 103694000 0 0 0 0 0.0 159 0 1 0 100 0 0 0 0.0000 0 0 
            0 0 0 1 0 0 0 0 0.0000 0 0 0 0 0  N 0 0.0000 0 0.0 0 0 0.0000 0.000000 
            0 0.0000 0.0000 0.0000 ;
          16 94696000 93978000 0 0 0 0 0.0 126 0 1 0 0 0 0 0 0.0000 0 0 0 0 
            0 1 0 0 0 0 0.0000 0 0 0 0 0  N 0 0.0000 0 0.0 0 0 0.0000 0.000000 
            0 0.0000 0.0000 0.0000 ;
          17 108301000 98244000 0 0 0 0 0.0 126 0 1 0 0 0 0 0 0.0000 0 0 0 
            0 0 1 0 0 0 0 0.0000 0 0 0 0 0  N 0 0.0000 0 0.0 0 0 0.0000 0.000000 
            0 0.0000 0.0000 0.0000 ;
          18 107196000 105094000 0 0 0 0 0.0 133 0 1 0 0 0 0 0 0.0000 0 0 0 
            0 0 1 0 0 0 0 0.0000 0 0 0 0 0  N 0 0.0000 0 0.0 0 0 0.0000 0.000000 
            0 0.0000 0.0000 0.0000 ;
          19 93828000 93595000 0 0 0 0 0.0 121 0 1 0 0 0 0 0 0.0000 0 0 0 0 
            0 1 0 0 0 0 0.0000 0 0 0 0 0  N 0 0.0000 0 0.0 0 0 0.0000 0.000000 
            0 0.0000 0.0000 0.0000 ;
          20 104458000 108132000 0 0 0 0 0.0 124 0 1 0 0 0 0 0 0.0000 0 0 0 
            0 0 1 0 0 0 0 0.0000 0 0 0 0 0  N 0 0.0000 0 0.0 0 0 0.0000 0.000000 
            0 0.0000 0.0000 0.0000 ;
          21 93142000 93794000 0 0 0 0 0.0 128 0 1 0 0 0 0 0 0.0000 0 0 0 0 
            0 1 0 0 0 0 0.0000 0 0 0 0 0  N 0 0.0000 0 0.0 0 0 0.0000 0.000000 
            0 0.0000 0.0000 0.0000 ;
          22 96949000 109391000 0 0 0 0 0.0 120 0 1 0 0 0 0 0 0.0000 0 0 0 
            0 0 1 0 0 0 0 0.0000 0 0 0 0 0  N 0 0.0000 0 0.0 0 0 0.0000 0.000000 
            0 0.0000 0.0000 0.0000 ;
          23 103135000 90883000 0 0 0 0 0.0 133 0 1 0 0 0 0 0 0.0000 0 0 0 
            0 0 1 0 0 0 0 0.0000 0 0 0 0 0  N 0 0.0000 0 0.0 0 0 0.0000 0.000000 
            0 0.0000 0.0000 0.0000 ;
          24 92047000 105913000 0 0 0 0 0.0 135 0 1 0 0 0 0 0 0.0000 0 0 0 
            0 0 1 0 0 0 0 0.0000 0 0 0 0 0  N 0 0.0000 0 0.0 0 0 0.0000 0.000000 
            0 0.0000 0.0000 0.0000 ;
          25 102626000 109869000 0 0 0 0 0.0 133 0 1 0 0 0 0 0 0.0000 0 0 0 
            0 0 1 0 0 0 0 0.0000 0 0 0 0 0  N 0 0.0000 0 0.0 0 0 0.0000 0.000000 
            0 0.0000 0.0000 0.0000 ;
          26 105117000 90440000 0 0 0 0 0.0 121 0 1 0 0 0 0 0 0.0000 0 0 0 
            0 0 1 0 0 0 0 0.0000 0 0 0 0 0  N 0 0.0000 0 0.0 0 0 0.0000 0.000000 
            0 0.0000 0.0000 0.0000 ;
          27 91497000 92377000 0 0 0 0 0.0 123 0 1 0 0 0 0 0 0.0000 0 0 0 0 
            0 1 0 0 0 0 0.0000 0 0 0 0 0  N 0 0.0000 0 0.0 0 0 0.0000 0.000000 
            0 0.0000 0.0000 0.0000 ;
          28 92564000 109136000 0 0 0 0 0.0 127 0 1 0 0 0 0 0 0.0000 0 0 0 
            0 0 1 0 0 0 0 0.0000 0 0 0 0 0  N 0 0.0000 0 0.0 0 0 0.0000 0.000000 
            0 0.0000 0.0000 0.0000 ;
          29 112093000 105732000 0 0 0 0 0.0 131 0 1 0 0 0 0 0 0.0000 0 0 0 
            0 0 1 0 0 0 0 0.0000 0 0 0 0 0  N 0 0.0000 0 0.0 0 0 0.0000 0.000000 
            0 0.0000 0.0000 0.0000 ;
          30 111234000 108068000 0 0 0 0 0.0 120 0 1 0 0 0 0 0 0.0000 0 0 0 
            0 0 1 0 0 0 0 0.0000 0 0 0 0 0  N 0 0.0000 0 0.0 0 0 0.0000 0.000000 
            0 0.0000 0.0000 0.0000 ;
          31 93725000 112555000 0 0 0 0 0.0 128 0 1 0 0 0 0 0 0.0000 0 0 0 
            0 0 1 0 0 0 0 0.0000 0 0 0 0 0  N 0 0.0000 0 0.0 0 0 0.0000 0.000000 
            0 0.0000 0.0000 0.0000 ;
          32 97494000 86378000 0 0 0 0 0.0 136 0 1 0 0 0 0 0 0.0000 0 0 0 0 
            0 1 0 0 0 0 0.0000 0 0 0 0 0  N 0 0.0000 0 0.0 0 0 0.0000 0.000000 
            0 0.0000 0.0000 0.0000 ;
          33 98511000 86197000 0 0 0 0 0.0 139 0 1 0 0 0 0 0 0.0000 0 0 0 0 
            0 1 0 0 0 0 0.0000 0 0 0 0 0  N 0 0.0000 0 0.0 0 0 0.0000 0.000000 
            0 0.0000 0.0000 0.0000 ;
          34 106150000 87500000 0 0 0 0 0.0 134 0 1 0 0 0 0 0 0.0000 0 0 0 
            0 0 1 0 0 0 0 0.0000 0 0 0 0 0  N 0 0.0000 0 0.0 0 0 0.0000 0.000000 
            0 0.0000 0.0000 0.0000 ;
          35 87744000 106862000 0 0 0 0 0.0 139 0 1 0 0 0 0 0 0.0000 0 0 0 
            0 0 1 0 0 0 0 0.0000 0 0 0 0 0  N 0 0.0000 0 0.0 0 0 0.0000 0.000000 
            0 0.0000 0.0000 0.0000 ;
          36 94338000 113240000 0 0 0 0 0.0 121 0 1 0 0 0 0 0 0.0000 0 0 0 
            0 0 1 0 0 0 0 0.0000 0 0 0 0 0  N 0 0.0000 0 0.0 0 0 0.0000 0.000000 
            0 0.0000 0.0000 0.0000 ;
          37 97545000 114432000 0 0 0 0 0.0 135 0 1 0 0 0 0 0 0.0000 0 0 0 
            0 0 1 0 0 0 0 0.0000 0 0 0 0 0  N 0 0.0000 0 0.0 0 0 0.0000 0.000000 
            0 0.0000 0.0000 0.0000 ;
          38 100425000 85449000 0 0 0 0 0.0 131 0 1 0 0 0 0 0 0.0000 0 0 0 
            0 0 1 0 0 0 0 0.0000 0 0 0 0 0  N 0 0.0000 0 0.0 0 0 0.0000 0.000000 
            0 0.0000 0.0000 0.0000 ;
          39 103723000 85910000 0 0 0 0 0.0 132 0 1 0 0 0 0 0 0.0000 0 0 0 
            0 0 1 0 0 0 0 0.0000 0 0 0 0 0  N 0 0.0000 0 0.0 0 0 0.0000 0.000000 
            0 0.0000 0.0000 0.0000 ;
          40 95468000 86051000 0 0 0 0 0.0 128 0 1 0 0 0 0 0 0.0000 0 0 0 0 
            0 1 0 0 0 0 0.0000 0 0 0 0 0  N 0 0.0000 0 0.0 0 0 0.0000 0.000000 
            0 0.0000 0.0000 0.0000 ;
          41 108119000 112682000 0 0 0 0 0.0 133 0 1 0 0 0 0 0 0.0000 0 0 0 
            0 0 1 0 0 0 0 0.0000 0 0 0 0 0  N 0 0.0000 0 0.0 0 0 0.0000 0.000000 
            0 0.0000 0.0000 0.0000 ;
          42 85487000 96698000 0 0 0 0 0.0 130 0 1 0 0 0 0 0 0.0000 0 0 0 0 
            0 1 0 0 0 0 0.0000 0 0 0 0 0  N 0 0.0000 0 0.0 0 0 0.0000 0.000000 
            0 0.0000 0.0000 0.0000 ;
          43 90949000 112487000 0 0 0 0 0.0 130 0 1 0 0 0 0 0 0.0000 0 0 0 
            0 0 1 0 0 0 0 0.0000 0 0 0 0 0  N 0 0.0000 0 0.0 0 0 0.0000 0.000000 
            0 0.0000 0.0000 0.0000 ;
          44 86668000 92775000 0 0 0 0 0.0 134 0 1 0 0 0 0 0 0.0000 0 0 0 0 
            0 1 0 0 0 0 0.0000 0 0 0 0 0  N 0 0.0000 0 0.0 0 0 0.0000 0.000000 
            0 0.0000 0.0000 0.0000 ;
          45 114395000 94575000 0 0 0 0 0.0 132 0 1 0 0 0 0 0 0.0000 0 0 0 
            0 0 1 0 0 0 0 0.0000 0 0 0 0 0  N 0 0.0000 0 0.0 0 0 0.0000 0.000000 
            0 0.0000 0.0000 0.0000 ;
          46 85181000 104375000 0 0 0 0 0.0 120 0 1 0 0 0 0 0 0.0000 0 0 0 
            0 0 1 0 0 0 0 0.0000 0 0 0 0 0  N 0 0.0000 0 0.0 0 0 0.0000 0.000000 
            0 0.0000 0.0000 0.0000 ;
          47 107827000 86740000 0 0 0 0 0.0 121 0 1 0 0 0 0 0 0.0000 0 0 0 
            0 0 1 0 0 0 0 0.0000 0 0 0 0 0  N 0 0.0000 0 0.0 0 0 0.0000 0.000000 
            0 0.0000 0.0000 0.0000 ;
          48 105125000 85271000 0 0 0 0 0.0 129 0 1 0 0 0 0 0 0.0000 0 0 0 
            0 0 1 0 0 0 0 0.0000 0 0 0 0 0  N 0 0.0000 0 0.0 0 0 0.0000 0.000000 
            0 0.0000 0.0000 0.0000 ;
          49 112154000 110337000 0 0 0 0 0.0 125 0 1 0 0 0 0 0 0.0000 0 0 0 
            0 0 1 0 0 0 0 0.0000 0 0 0 0 0  N 0 0.0000 0 0.0 0 0 0.0000 0.000000 
            0 0.0000 0.0000 0.0000 ;
          50 101671000 116008000 0 0 0 0 0.0 124 0 1 0 0 0 0 0 0.0000 0 0 0 
            0 0 1 0 0 0 0 0.0000 0 0 0 0 0  N 0 0.0000 0 0.0 0 0 0.0000 0.000000 
            0 0.0000 0.0000 0.0000 ;
          51 95009000 115492000 0 0 0 0 0.0 121 0 1 0 0 0 0 0 0.0000 0 0 0 
            0 0 1 0 0 0 0 0.0000 0 0 0 0 0  N 0 0.0000 0 0.0 0 0 0.0000 0.000000 
            0 0.0000 0.0000 0.0000 ;
          52 83664000 102312000 0 0 0 0 0.0 126 0 1 0 0 0 0 0 0.0000 0 0 0 
            0 0 1 0 0 0 0 0.0000 0 0 0 0 0  N 0 0.0000 0 0.0 0 0 0.0000 0.000000 
            0 0.0000 0.0000 0.0000 ;
          53 115404000 92894000 0 0 0 0 0.0 125 0 1 0 0 0 0 0 0.0000 0 0 0 
            0 0 1 0 0 0 0 0.0000 0 0 0 0 0  N 0 0.0000 0 0.0 0 0 0.0000 0.000000 
            0 0.0000 0.0000 0.0000 ;
          54 90039000 85776000 0 0 0 0 0.0 146 0 1 0 0 0 0 0 0.0000 0 0 0 0 
            0 1 0 0 0 0 0.0000 0 0 0 0 0  N 0 0.0000 0 0.0 0 0 0.0000 0.000000 
            0 0.0000 0.0000 0.0000 ;
          55 96261000 83083000 0 0 0 0 0.0 132 0 1 0 0 0 0 0 0.0000 0 0 0 0 
            0 1 0 0 0 0 0.0000 0 0 0 0 0  N 0 0.0000 0 0.0 0 0 0.0000 0.000000 
            0 0.0000 0.0000 0.0000 ;
          56 94432000 117778000 0 0 0 0 0.0 130 0 1 0 0 0 0 0 0.0000 0 0 0 
            0 0 1 0 0 0 0 0.0000 0 0 0 0 0  N 0 0.0000 0 0.0 0 0 0.0000 0.000000 
            0 0.0000 0.0000 0.0000 ;
          57 112909000 113664000 0 0 0 0 0.0 124 0 1 0 0 0 0 0 0.0000 0 0 0 
            0 0 1 0 0 0 0 0.0000 0 0 0 0 0  N 0 0.0000 0 0.0 0 0 0.0000 0.000000 
            0 0.0000 0.0000 0.0000 ;
          58 95817000 81514000 0 0 0 0 0.0 122 0 1 0 0 0 0 0 0.0000 0 0 0 0 
            0 1 0 0 0 0 0.0000 0 0 0 0 0  N 0 0.0000 0 0.0 0 0 0.0000 0.000000 
            0 0.0000 0.0000 0.0000 ;
          59 118850000 95531000 0 0 0 0 0.0 168 0 1 0 100 0 0 0 0.0000 0 0 
            0 0 0 1 0 0 0 0 0.0000 0 0 0 0 0  N 0 0.0000 0 0.0 0 0 0.0000 0.000000 
            0 0.0000 0.0000 0.0000 ;
          60 82144000 92734000 0 0 0 0 0.0 125 0 1 0 0 0 0 0 0.0000 0 0 0 0 
            0 1 0 0 0 0 0.0000 0 0 0 0 0  N 0 0.0000 0 0.0 0 0 0.0000 0.000000 
            0 0.0000 0.0000 0.0000 ;
          61 80516000 99473000 0 0 0 0 0.0 156 0 1 0 100 0 0 0 0.0000 0 0 0 
            0 0 1 0 0 0 0 0.0000 0 0 0 0 0  N 0 0.0000 0 0.0 0 0 0.0000 0.000000 
            0 0.0000 0.0000 0.0000 ;
          62 103892000 119537000 0 0 0 0 0.0 132 0 1 0 0 0 0 0 0.0000 0 0 0 
            0 0 1 0 0 0 0 0.0000 0 0 0 0 0  N 0 0.0000 0 0.0 0 0 0.0000 0.000000 
            0 0.0000 0.0000 0.0000 ;
          63 91971000 118127000 0 0 0 0 0.0 131 0 1 0 0 0 0 0 0.0000 0 0 0 
            0 0 1 0 0 0 0 0.0000 0 0 0 0 0  N 0 0.0000 0 0.0 0 0 0.0000 0.000000 
            0 0.0000 0.0000 0.0000 ;
          64 81921000 108757000 0 0 0 0 0.0 120 0 1 0 0 0 0 0 0.0000 0 0 0 
            0 0 1 0 0 0 0 0.0000 0 0 0 0 0  N 0 0.0000 0 0.0 0 0 0.0000 0.000000 
            0 0.0000 0.0000 0.0000 ;
          65 95821000 80526000 0 0 0 0 0.0 121 0 1 0 0 0 0 0 0.0000 0 0 0 0 
            0 1 0 0 0 0 0.0000 0 0 0 0 0  N 0 0.0000 0 0.0 0 0 0.0000 0.000000 
            0 0.0000 0.0000 0.0000 ;
          66 120300000 100998000 0 0 0 0 0.0 166 0 1 0 100 0 0 0 0.0000 0 0 
            0 0 0 1 0 0 0 0 0.0000 0 0 0 0 0  N 0 0.0000 0 0.0 0 0 0.0000 0.000000 
            0 0.0000 0.0000 0.0000 ;
          67 80714000 105887000 0 0 0 0 0.0 133 0 1 0 0 0 0 0 0.0000 0 0 0 
            0 0 1 0 0 0 0 0.0000 0 0 0 0 0  N 0 0.0000 0 0.0 0 0 0.0000 0.000000 
            0 0.0000 0.0000 0.0000 ;
          68 84497000 87237000 0 0 0 0 0.0 129 0 1 0 0 0 0 0 0.0000 0 0 0 0 
            0 1 0 0 0 0 0.0000 0 0 0 0 0  N 0 0.0000 0 0.0 0 0 0.0000 0.000000 
            0 0.0000 0.0000 0.0000 ;
          69 85005000 86680000 0 0 0 0 0.0 124 0 1 0 0 0 0 0 0.0000 0 0 0 0 
            0 1 0 0 0 0 0.0000 0 0 0 0 0  N 0 0.0000 0 0.0 0 0 0.0000 0.000000 
            0 0.0000 0.0000 0.0000 ;
          70 117960000 109805000 0 0 0 0 0.0 130 0 1 0 0 0 0 0 0.0000 0 0 0 
            0 0 1 0 0 0 0 0.0000 0 0 0 0 0  N 0 0.0000 0 0.0 0 0 0.0000 0.000000 
            0 0.0000 0.0000 0.0000 ;
          71 100112000 79674000 0 0 0 0 0.0 125 0 1 0 0 0 0 0 0.0000 0 0 0 
            0 0 1 0 0 0 0 0.0000 0 0 0 0 0  N 0 0.0000 0 0.0 0 0 0.0000 0.000000 
            0 0.0000 0.0000 0.0000 ;
          72 87162000 83671000 0 0 0 0 0.0 124 0 1 0 0 0 0 0 0.0000 0 0 0 0 
            0 1 0 0 0 0 0.0000 0 0 0 0 0  N 0 0.0000 0 0.0 0 0 0.0000 0.000000 
            0 0.0000 0.0000 0.0000 ;
          73 87866000 83110000 0 0 0 0 0.0 130 0 1 0 0 0 0 0 0.0000 0 0 0 0 
            0 1 0 0 0 0 0.0000 0 0 0 0 0  N 0 0.0000 0 0.0 0 0 0.0000 0.000000 
            0 0.0000 0.0000 0.0000 ;
          74 114895000 115360000 0 0 0 0 0.0 129 0 1 0 0 0 0 0 0.0000 0 0 0 
            0 0 1 0 0 0 0 0.0000 0 0 0 0 0  N 0 0.0000 0 0.0 0 0 0.0000 0.000000 
            0 0.0000 0.0000 0.0000 ;
          75 79814000 106468000 0 0 0 0 0.0 155 0 1 0 100 0 0 0 0.0000 0 0 
            0 0 0 1 0 0 0 0 0.0000 0 0 0 0 0  N 0 0.0000 0 0.0 0 0 0.0000 0.000000 
            0 0.0000 0.0000 0.0000 ;
          76 78709000 100694000 0 0 0 0 0.0 134 0 1 0 0 0 0 0 0.0000 0 0 0 
            0 0 1 0 0 0 0 0.0000 0 0 0 0 0  N 0 0.0000 0 0.0 0 0 0.0000 0.000000 
            0 0.0000 0.0000 0.0000 ;
          77 104101000 78903000 0 0 0 0 0.0 124 0 1 0 0 0 0 0 0.0000 0 0 0 
            0 0 1 0 0 0 0 0.0000 0 0 0 0 0  N 0 0.0000 0 0.0 0 0 0.0000 0.000000 
            0 0.0000 0.0000 0.0000 ;
          78 121972000 99718000 0 0 0 0 0.0 121 0 1 0 0 0 0 0 0.0000 0 0 0 
            0 0 1 0 0 0 0 0.0000 0 0 0 0 0  N 0 0.0000 0 0.0 0 0 0.0000 0.000000 
            0 0.0000 0.0000 0.0000 ;
          79 78155000 99000000 0 0 0 0 0.0 136 0 1 0 0 0 0 0 0.0000 0 0 0 0 
            0 1 0 0 0 0 0.0000 0 0 0 0 0  N 0 0.0000 0 0.0 0 0 0.0000 0.000000 
            0 0.0000 0.0000 0.0000 ;
          80 115682000 84591000 0 0 0 0 0.0 130 0 1 0 0 0 0 0 0.0000 0 0 0 
            0 0 1 0 0 0 0 0.0000 0 0 0 0 0  N 0 0.0000 0 0.0 0 0 0.0000 0.000000 
            0 0.0000 0.0000 0.0000 ;
          81 101005000 122187000 0 0 0 0 0.0 122 0 1 0 0 0 0 0 0.0000 0 0 0 
            0 0 1 0 0 0 0 0.0000 0 0 0 0 0  N 0 0.0000 0 0.0 0 0 0.0000 0.000000 
            0 0.0000 0.0000 0.0000 ;
          82 82330000 113861000 0 0 0 0 0.0 120 0 1 0 0 0 0 0 0.0000 0 0 0 
            0 0 1 0 0 0 0 0.0000 0 0 0 0 0  N 0 0.0000 0 0.0 0 0 0.0000 0.000000 
            0 0.0000 0.0000 0.0000 ;
          83 79216000 91732000 0 0 0 0 0.0 122 0 1 0 0 0 0 0 0.0000 0 0 0 0 
            0 1 0 0 0 0 0.0000 0 0 0 0 0  N 0 0.0000 0 0.0 0 0 0.0000 0.000000 
            0 0.0000 0.0000 0.0000 ;
          84 80758000 88530000 0 0 0 0 0.0 123 0 1 0 0 0 0 0 0.0000 0 0 0 0 
            0 1 0 0 0 0 0.0000 0 0 0 0 0  N 0 0.0000 0 0.0 0 0 0.0000 0.000000 
            0 0.0000 0.0000 0.0000 ;
          85 93703000 78348000 0 0 0 0 0.0 124 0 1 0 0 0 0 0 0.0000 0 0 0 0 
            0 1 0 0 0 0 0.0000 0 0 0 0 0  N 0 0.0000 0 0.0 0 0 0.0000 0.000000 
            0 0.0000 0.0000 0.0000 ;
          86 110321000 120477000 0 0 0 0 0.0 128 0 1 0 0 0 0 0 0.0000 0 0 0 
            0 0 1 0 0 0 0 0.0000 0 0 0 0 0  N 0 0.0000 0 0.0 0 0 0.0000 0.000000 
            0 0.0000 0.0000 0.0000 ;
          87 95126000 122379000 0 0 0 0 0.0 122 0 1 0 0 0 0 0 0.0000 0 0 0 
            0 0 1 0 0 0 0 0.0000 0 0 0 0 0  N 0 0.0000 0 0.0 0 0 0.0000 0.000000 
            0 0.0000 0.0000 0.0000 ;
          88 98013000 77078000 0 0 0 0 0.0 141 0 1 0 0 0 0 0 0.0000 0 0 0 0 
            0 1 0 0 0 0 0.0000 0 0 0 0 0  N 0 0.0000 0 0.0 0 0 0.0000 0.000000 
            0 0.0000 0.0000 0.0000 ;
          89 84599000 117519000 0 0 0 0 0.0 132 0 1 0 0 0 0 0 0.0000 0 0 0 
            0 0 1 0 0 0 0 0.0000 0 0 0 0 0  N 0 0.0000 0 0.0 0 0 0.0000 0.000000 
            0 0.0000 0.0000 0.0000 ;
          90 78403000 91682000 0 0 0 0 0.0 127 0 1 0 0 0 0 0 0.0000 0 0 0 0 
            0 1 0 0 0 0 0.0000 0 0 0 0 0  N 0 0.0000 0 0.0 0 0 0.0000 0.000000 
            0 0.0000 0.0000 0.0000 ;
          91 78194000 91682000 0 0 0 0 0.0 136 0 1 0 0 0 0 0 0.0000 0 0 0 0 
            0 1 0 0 0 0 0.0000 0 0 0 0 0  N 0 0.0000 0 0.0 0 0 0.0000 0.000000 
            0 0.0000 0.0000 0.0000 ;
          92 118697000 85351000 0 0 0 0 0.0 124 0 1 0 0 0 0 0 0.0000 0 0 0 
            0 0 1 0 0 0 0 0.0000 0 0 0 0 0  N 0 0.0000 0 0.0 0 0 0.0000 0.000000 
            0 0.0000 0.0000 0.0000 ;
          93 123166000 94236000 0 0 0 0 0.0 126 0 1 0 0 0 0 0 0.0000 0 0 0 
            0 0 1 0 0 0 0 0.0000 0 0 0 0 0  N 0 0.0000 0 0.0 0 0 0.0000 0.000000 
            0 0.0000 0.0000 0.0000 ;
          94 90682000 121988000 0 0 0 0 0.0 121 0 1 0 0 0 0 0 0.0000 0 0 0 
            0 0 1 0 0 0 0 0.0000 0 0 0 0 0  N 0 0.0000 0 0.0 0 0 0.0000 0.000000 
            0 0.0000 0.0000 0.0000 ;
          95 122915000 108901000 0 0 0 0 0.0 164 0 1 0 100 0 0 0 0.0000 0 0 
            0 0 0 1 0 0 0 0 0.0000 0 0 0 0 0  N 0 0.0000 0 0.0 0 0 0.0000 0.000000 
            0 0.0000 0.0000 0.0000 ;
          96 96794000 124377000 0 0 0 0 0.0 125 0 1 0 0 0 0 0 0.0000 0 0 0 
            0 0 1 0 0 0 0 0.0000 0 0 0 0 0  N 0 0.0000 0 0.0 0 0 0.0000 0.000000 
            0 0.0000 0.0000 0.0000 ;
          97 80835000 85015000 0 0 0 0 0.0 164 0 1 0 100 0 0 0 0.0000 0 0 0 
            0 0 1 0 0 0 0 0.0000 0 0 0 0 0  N 0 0.0000 0 0.0 0 0 0.0000 0.000000 
            0 0.0000 0.0000 0.0000 ;
          98 116379000 118615000 0 0 0 0 0.0 123 0 1 0 0 0 0 0 0.0000 0 0 0 
            0 0 1 0 0 0 0 0.0000 0 0 0 0 0  N 0 0.0000 0 0.0 0 0 0.0000 0.000000 
            0 0.0000 0.0000 0.0000 ;
          99 85449000 79815000 0 0 0 0 0.0 194 0 1 0 100 0 0 0 0.0000 0 0 0 
            0 0 1 0 0 0 0 0.0000 0 0 0 0 0  N 0 0.0000 0 0.0 0 0 0.0000 0.000000 
            0 0.0000 0.0000 0.0000 ;
          100 119186000 116622000 0 0 0 0 0.0 121 0 1 0 0 0 0 0 0.0000 0 0 
            0 0 0 1 0 0 0 0 0.0000 0 0 0 0 0  N 0 0.0000 0 0.0 0 0 0.0000 0.000000 
            0 0.0000 0.0000 0.0000 ;
          101 74880000 97963000 0 0 0 0 0.0 156 0 1 0 100 0 0 0 0.0000 0 0 
            0 0 0 1 0 0 0 0 0.0000 0 0 0 0 0  N 0 0.0000 0 0.0 0 0 0.0000 0.000000 
            0 0.0000 0.0000 0.0000 ;
          102 100225000 125845000 0 0 0 0 0.0 158 0 1 0 100 0 0 0 0.0000 0 
            0 0 0 0 1 0 0 0 0 0.0000 0 0 0 0 0  N 0 0.0000 0 0.0 0 0 0.0000 
            0.000000 0 0.0000 0.0000 0.0000 ;
          103 119147000 82519000 0 0 0 0 0.0 129 0 1 0 0 0 0 0 0.0000 0 0 0 
            0 0 1 0 0 0 0 0.0000 0 0 0 0 0  N 0 0.0000 0 0.0 0 0 0.0000 0.000000 
            0 0.0000 0.0000 0.0000 ;
          104 124829000 107955000 0 0 0 0 0.0 121 0 1 0 0 0 0 0 0.0000 0 0 
            0 0 0 1 0 0 0 0 0.0000 0 0 0 0 0  N 0 0.0000 0 0.0 0 0 0.0000 0.000000 
            0 0.0000 0.0000 0.0000 ;
          105 121165000 84738000 0 0 0 0 0.0 127 0 1 0 0 0 0 0 0.0000 0 0 0 
            0 0 1 0 0 0 0 0.0000 0 0 0 0 0  N 0 0.0000 0 0.0 0 0 0.0000 0.000000 
            0 0.0000 0.0000 0.0000 ;
          106 108216000 125176000 0 0 0 0 0.0 128 0 1 0 0 0 0 0 0.0000 0 0 
            0 0 0 1 0 0 0 0 0.0000 0 0 0 0 0  N 0 0.0000 0 0.0 0 0 0.0000 0.000000 
            0 0.0000 0.0000 0.0000 ;
          107 74463000 106210000 0 0 0 0 0.0 135 0 1 0 0 0 0 0 0.0000 0 0 0 
            0 0 1 0 0 0 0 0.0000 0 0 0 0 0  N 0 0.0000 0 0.0 0 0 0.0000 0.000000 
            0 0.0000 0.0000 0.0000 ;
          108 126329000 96377000 0 0 0 0 0.0 132 0 1 0 0 0 0 0 0.0000 0 0 0 
            0 0 1 0 0 0 0 0.0000 0 0 0 0 0  N 0 0.0000 0 0.0 0 0 0.0000 0.000000 
            0 0.0000 0.0000 0.0000 ;
          109 80258000 82584000 0 0 0 0 0.0 123 0 1 0 0 0 0 0 0.0000 0 0 0 
            0 0 1 0 0 0 0 0.0000 0 0 0 0 0  N 0 0.0000 0 0.0 0 0 0.0000 0.000000 
            0 0.0000 0.0000 0.0000 ;
          110 78455000 115742000 0 0 0 0 0.0 136 0 1 0 0 0 0 0 0.0000 0 0 0 
            0 0 1 0 0 0 0 0.0000 0 0 0 0 0  N 0 0.0000 0 0.0 0 0 0.0000 0.000000 
            0 0.0000 0.0000 0.0000 ;
          111 119943000 82254000 0 0 0 0 0.0 121 0 1 0 0 0 0 0 0.0000 0 0 0 
            0 0 1 0 0 0 0 0.0000 0 0 0 0 0  N 0 0.0000 0 0.0 0 0 0.0000 0.000000 
            0 0.0000 0.0000 0.0000 ;
          112 125961000 93090000 0 0 0 0 0.0 128 0 1 0 0 0 0 0 0.0000 0 0 0 
            0 0 1 0 0 0 0 0.0000 0 0 0 0 0  N 0 0.0000 0 0.0 0 0 0.0000 0.000000 
            0 0.0000 0.0000 0.0000 ;
          113 126971000 99087000 0 0 0 0 0.0 125 0 1 0 0 0 0 0 0.0000 0 0 0 
            0 0 1 0 0 0 0 0.0000 0 0 0 0 0  N 0 0.0000 0 0.0 0 0 0.0000 0.000000 
            0 0.0000 0.0000 0.0000 ;
          114 122966000 85443000 0 0 0 0 0.0 120 0 1 0 0 0 0 0 0.0000 0 0 0 
            0 0 1 0 0 0 0 0.0000 0 0 0 0 0  N 0 0.0000 0 0.0 0 0 0.0000 0.000000 
            0 0.0000 0.0000 0.0000 ;
          115 118181000 79722000 0 0 0 0 0.0 122 0 1 0 0 0 0 0 0.0000 0 0 0 
            0 0 1 0 0 0 0 0.0000 0 0 0 0 0  N 0 0.0000 0 0.0 0 0 0.0000 0.000000 
            0 0.0000 0.0000 0.0000 ;
          116 104845000 73157000 0 0 0 0 0.0 126 0 1 0 0 0 0 0 0.0000 0 0 0 
            0 0 1 0 0 0 0 0.0000 0 0 0 0 0  N 0 0.0000 0 0.0 0 0 0.0000 0.000000 
            0 0.0000 0.0000 0.0000 ;
          117 127361000 96523000 0 0 0 0 0.0 124 0 1 0 0 0 0 0 0.0000 0 0 0 
            0 0 1 0 0 0 0 0.0000 0 0 0 0 0  N 0 0.0000 0 0.0 0 0 0.0000 0.000000 
            0 0.0000 0.0000 0.0000 ;
          118 125954000 109733000 0 0 0 0 0.0 132 0 1 0 0 0 0 0 0.0000 0 0 
            0 0 0 1 0 0 0 0 0.0000 0 0 0 0 0  N 0 0.0000 0 0.0 0 0 0.0000 0.000000 
            0 0.0000 0.0000 0.0000 ;
          119 94007000 73251000 0 0 0 0 0.0 131 0 1 0 0 0 0 0 0.0000 0 0 0 
            0 0 1 0 0 0 0 0.0000 0 0 0 0 0  N 0 0.0000 0 0.0 0 0 0.0000 0.000000 
            0 0.0000 0.0000 0.0000 ;
          120 127220000 94814000 0 0 0 0 0.0 158 0 1 0 100 0 0 0 0.0000 0 0 
            0 0 0 1 0 0 0 0 0.0000 0 0 0 0 0  N 0 0.0000 0 0.0 0 0 0.0000 0.000000 
            0 0.0000 0.0000 0.0000 ;
          121 127490000 96289000 0 0 0 0 0.0 123 0 1 0 0 0 0 0 0.0000 0 0 0 
            0 0 1 0 0 0 0 0.0000 0 0 0 0 0  N 0 0.0000 0 0.0 0 0 0.0000 0.000000 
            0 0.0000 0.0000 0.0000 ;
          122 113865000 124495000 0 0 0 0 0.0 136 0 1 0 0 0 0 0 0.0000 0 0 
            0 0 0 1 0 0 0 0 0.0000 0 0 0 0 0  N 0 0.0000 0 0.0 0 0 0.0000 0.000000 
            0 0.0000 0.0000 0.0000 ;
          123 76570000 85001000 0 0 0 0 0.0 157 0 1 0 100 0 0 0 0.0000 0 0 
            0 0 0 1 0 0 0 0 0.0000 0 0 0 0 0  N 0 0.0000 0 0.0 0 0 0.0000 0.000000 
            0 0.0000 0.0000 0.0000 ;
          124 71911000 97761000 0 0 0 0 0.0 140 0 1 0 0 0 0 0 0.0000 0 0 0 
            0 0 1 0 0 0 0 0.0000 0 0 0 0 0  N 0 0.0000 0 0.0 0 0 0.0000 0.000000 
            0 0.0000 0.0000 0.0000 ;
          125 125217000 87023000 0 0 0 0 0.0 156 0 1 0 100 0 0 0 0.0000 0 0 
            0 0 0 1 0 0 0 0 0.0000 0 0 0 0 0  N 0 0.0000 0 0.0 0 0 0.0000 0.000000 
            0 0.0000 0.0000 0.0000 ;
          126 127545000 92743000 0 0 0 0 0.0 137 0 1 0 0 0 0 0 0.0000 0 0 0 
            0 0 1 0 0 0 0 0.0000 0 0 0 0 0  N 0 0.0000 0 0.0 0 0 0.0000 0.000000 
            0 0.0000 0.0000 0.0000 ;
          127 128545000 101211000 0 0 0 0 0.0 155 0 1 0 100 0 0 0 0.0000 0 
            0 0 0 0 1 0 0 0 0 0.0000 0 0 0 0 0  N 0 0.0000 0 0.0 0 0 0.0000 
            0.000000 0 0.0000 0.0000 0.0000 ;
          128 88713000 126701000 0 0 0 0 0.0 163 0 1 0 100 0 0 0 0.0000 0 0 
            0 0 0 1 0 0 0 0 0.0000 0 0 0 0 0  N 0 0.0000 0 0.0 0 0 0.0000 0.000000 
            0 0.0000 0.0000 0.0000 ;
          129 73929000 112367000 0 0 0 0 0.0 125 0 1 0 0 0 0 0 0.0000 0 0 0 
            0 0 1 0 0 0 0 0.0000 0 0 0 0 0  N 0 0.0000 0 0.0 0 0 0.0000 0.000000 
            0 0.0000 0.0000 0.0000 ;
          130 121085000 120210000 0 0 0 0 0.0 120 0 1 0 0 0 0 0 0.0000 0 0 
            0 0 0 1 0 0 0 0 0.0000 0 0 0 0 0  N 0 0.0000 0 0.0 0 0 0.0000 0.000000 
            0 0.0000 0.0000 0.0000 ;
          131 77374000 118346000 0 0 0 0 0.0 135 0 1 0 0 0 0 0 0.0000 0 0 0 
            0 0 1 0 0 0 0 0.0000 0 0 0 0 0  N 0 0.0000 0 0.0 0 0 0.0000 0.000000 
            0 0.0000 0.0000 0.0000 ;
          132 71127000 102239000 0 0 0 0 0.0 156 0 1 0 100 0 0 0 0.0000 0 0 
            0 0 0 1 0 0 0 0 0.0000 0 0 0 0 0  N 0 0.0000 0 0.0 0 0 0.0000 0.000000 
            0 0.0000 0.0000 0.0000 ;
          133 96159000 71360000 0 0 0 0 0.0 132 0 1 0 0 0 0 0 0.0000 0 0 0 
            0 0 1 0 0 0 0 0.0000 0 0 0 0 0  N 0 0.0000 0 0.0 0 0 0.0000 0.000000 
            0 0.0000 0.0000 0.0000 ;
          134 127998000 90896000 0 0 0 0 0.0 127 0 1 0 0 0 0 0 0.0000 0 0 0 
            0 0 1 0 0 0 0 0.0000 0 0 0 0 0  N 0 0.0000 0 0.0 0 0 0.0000 0.000000 
            0 0.0000 0.0000 0.0000 ;
          135 129483000 99632000 0 0 0 0 0.0 156 0 1 0 0 0 0 0 0.0000 0 0 0 
            0 0 1 0 0 0 0 0.0000 0 0 0 0 0  N 0 0.0000 0 0.0 0 0 0.0000 0.000000 
            0 0.0000 0.0000 0.0000 ;
          136 95936000 129237000 0 0 0 0 0.0 242 0 1 0 0 0 0 0 0.0000 0 0 0 
            0 0 1 0 0 0 0 0.0000 0 0 0 0 0  N 0 0.0000 0 0.0 0 0 0.0000 0.000000 
            0 0.0000 0.0000 0.0000 ;
          137 76687000 81923000 0 0 0 0 0.0 135 0 1 0 0 0 0 0 0.0000 0 0 0 
            0 0 1 0 0 0 0 0.0000 0 0 0 0 0  N 0 0.0000 0 0.0 0 0 0.0000 0.000000 
            0 0.0000 0.0000 0.0000 ;
          138 78411000 120741000 0 0 0 0 0.0 132 0 1 0 0 0 0 0 0.0000 0 0 0 
            0 0 1 0 0 0 0 0.0000 0 0 0 0 0  N 0 0.0000 0 0.0 0 0 0.0000 0.000000 
            0 0.0000 0.0000 0.0000 ;
          139 70195000 100918000 0 0 0 0 0.0 123 0 1 0 0 0 0 0 0.0000 0 0 0 
            0 0 1 0 0 0 0 0.0000 0 0 0 0 0  N 0 0.0000 0 0.0 0 0 0.0000 0.000000 
            0 0.0000 0.0000 0.0000 ;
          140 115042000 74218000 0 0 0 0 0.0 123 0 1 0 0 0 0 0 0.0000 0 0 0 
            0 0 1 0 0 0 0 0.0000 0 0 0 0 0  N 0 0.0000 0 0.0 0 0 0.0000 0.000000 
            0 0.0000 0.0000 0.0000 ;
          141 94752000 70721000 0 0 0 0 0.0 126 0 1 0 0 0 0 0 0.0000 0 0 0 
            0 0 1 0 0 0 0 0.0000 0 0 0 0 0  N 0 0.0000 0 0.0 0 0 0.0000 0.000000 
            0 0.0000 0.0000 0.0000 ;
          142 94908000 70495000 0 0 0 0 0.0 159 0 1 0 100 0 0 0 0.0000 0 0 
            0 0 0 1 0 0 0 0 0.0000 0 0 0 0 0  N 0 0.0000 0 0.0 0 0 0.0000 0.000000 
            0 0.0000 0.0000 0.0000 ;
          143 105011000 129981000 0 0 0 0 0.0 129 0 1 0 0 0 0 0 0.0000 0 0 
            0 0 0 1 0 0 0 0 0.0000 0 0 0 0 0  N 0 0.0000 0 0.0 0 0 0.0000 0.000000 
            0 0.0000 0.0000 0.0000 ;
          144 122514000 79698000 0 0 0 0 0.0 122 0 1 0 0 0 0 0 0.0000 0 0 0 
            0 0 1 0 0 0 0 0.0000 0 0 0 0 0  N 0 0.0000 0 0.0 0 0 0.0000 0.000000 
            0 0.0000 0.0000 0.0000 ;
          145 126510000 85224000 0 0 0 0 0.0 141 0 1 0 0 0 0 0 0.0000 0 0 0 
            0 0 1 0 0 0 0 0.0000 0 0 0 0 0  N 0 0.0000 0 0.0 0 0 0.0000 0.000000 
            0 0.0000 0.0000 0.0000 ;
          146 130306000 104974000 0 0 0 0 0.0 132 0 1 0 0 0 0 0 0.0000 0 0 
            0 0 0 1 0 0 0 0 0.0000 0 0 0 0 0  N 0 0.0000 0 0.0 0 0 0.0000 0.000000 
            0 0.0000 0.0000 0.0000 ;
          147 128187000 112171000 0 0 0 0 0.0 122 0 1 0 0 0 0 0 0.0000 0 0 
            0 0 0 1 0 0 0 0 0.0000 0 0 0 0 0  N 0 0.0000 0 0.0 0 0 0.0000 0.000000 
            0 0.0000 0.0000 0.0000 ;
          148 93794000 130243000 0 0 0 0 0.0 158 0 1 0 0 0 0 0 0.0000 0 0 0 
            0 0 1 0 0 0 0 0.0000 0 0 0 0 0  N 0 0.0000 0 0.0 0 0 0.0000 0.000000 
            0 0.0000 0.0000 0.0000 ;
          149 73036000 115154000 0 0 0 0 0.0 128 0 1 0 0 0 0 0 0.0000 0 0 0 
            0 0 1 0 0 0 0 0.0000 0 0 0 0 0  N 0 0.0000 0 0.0 0 0 0.0000 0.000000 
            0 0.0000 0.0000 0.0000 ;
          150 114183000 72335000 0 0 0 0 0.0 135 0 1 0 0 0 0 0 0.0000 0 0 0 
            0 0 1 0 0 0 0 0.0000 0 0 0 0 0  N 0 0.0000 0 0.0 0 0 0.0000 0.000000 
            0 0.0000 0.0000 0.0000 ;
          151 119176000 75178000 0 0 0 0 0.0 137 0 1 0 0 0 0 0 0.0000 0 0 0 
            0 0 1 0 0 0 0 0.0000 0 0 0 0 0  N 0 0.0000 0 0.0 0 0 0.0000 0.000000 
            0 0.0000 0.0000 0.0000 ;
          152 117239000 126620000 0 0 0 0 0.0 121 0 1 0 0 0 0 0 0.0000 0 0 
            0 0 0 1 0 0 0 0 0.0000 0 0 0 0 0  N 0 0.0000 0 0.0 0 0 0.0000 0.000000 
            0 0.0000 0.0000 0.0000 ;
          153 95157000 68564000 0 0 0 0 0.0 120 0 1 0 0 0 0 0 0.0000 0 0 0 
            0 0 1 0 0 0 0 0.0000 0 0 0 0 0  N 0 0.0000 0 0.0 0 0 0.0000 0.000000 
            0 0.0000 0.0000 0.0000 ;
          154 68416000 105419000 0 0 0 0 0.0 127 0 1 0 0 0 0 0 0.0000 0 0 0 
            0 0 1 0 0 0 0 0.0000 0 0 0 0 0  N 0 0.0000 0 0.0 0 0 0.0000 0.000000 
            0 0.0000 0.0000 0.0000 ;
          155 89124000 70000000 0 0 0 0 0.0 128 0 1 0 0 0 0 0 0.0000 0 0 0 
            0 0 1 0 0 0 0 0.0000 0 0 0 0 0  N 0 0.0000 0 0.0 0 0 0.0000 0.000000 
            0 0.0000 0.0000 0.0000 ;
          156 76142000 121821000 0 0 0 0 0.0 121 0 1 0 0 0 0 0 0.0000 0 0 0 
            0 0 1 0 0 0 0 0.0000 0 0 0 0 0  N 0 0.0000 0 0.0 0 0 0.0000 0.000000 
            0 0.0000 0.0000 0.0000 ;
          157 75136000 120713000 0 0 0 0 0.0 128 0 1 0 0 0 0 0 0.0000 0 0 0 
            0 0 1 0 0 0 0 0.0000 0 0 0 0 0  N 0 0.0000 0 0.0 0 0 0.0000 0.000000 
            0 0.0000 0.0000 0.0000 ;
          158 85370000 71426000 0 0 0 0 0.0 142 0 1 0 0 0 0 0 0.0000 0 0 0 
            0 0 1 0 0 0 0 0.0000 0 0 0 0 0  N 0 0.0000 0 0.0 0 0 0.0000 0.000000 
            0 0.0000 0.0000 0.0000 ;
          159 115145000 71482000 0 0 0 0 0.0 126 0 1 0 0 0 0 0 0.0000 0 0 0 
            0 0 1 0 0 0 0 0.0000 0 0 0 0 0  N 0 0.0000 0 0.0 0 0 0.0000 0.000000 
            0 0.0000 0.0000 0.0000 ;
          160 95249000 132199000 0 0 0 0 0.0 133 0 1 0 0 0 0 0 0.0000 0 0 0 
            0 0 1 0 0 0 0 0.0000 0 0 0 0 0  N 0 0.0000 0 0.0 0 0 0.0000 0.000000 
            0 0.0000 0.0000 0.0000 ;
          161 132034000 106617000 0 0 0 0 0.0 132 0 1 0 0 0 0 0 0.0000 0 0 
            0 0 0 1 0 0 0 0 0.0000 0 0 0 0 0  N 0 0.0000 0 0.0 0 0 0.0000 0.000000 
            0 0.0000 0.0000 0.0000 ;
          162 129086000 84887000 0 0 0 0 0.0 131 0 1 0 0 0 0 0 0.0000 0 0 0 
            0 0 1 0 0 0 0 0.0000 0 0 0 0 0  N 0 0.0000 0 0.0 0 0 0.0000 0.000000 
            0 0.0000 0.0000 0.0000 ;
          163 127697000 117937000 0 0 0 0 0.0 122 0 1 0 0 0 0 0 0.0000 0 0 
            0 0 0 1 0 0 0 0 0.0000 0 0 0 0 0  N 0 0.0000 0 0.0 0 0 0.0000 0.000000 
            0 0.0000 0.0000 0.0000 ;
          164 123829000 122993000 0 0 0 0 0.0 123 0 1 0 0 0 0 0 0.0000 0 0 
            0 0 0 1 0 0 0 0 0.0000 0 0 0 0 0  N 0 0.0000 0 0.0 0 0 0.0000 0.000000 
            0 0.0000 0.0000 0.0000 ;
          165 98563000 133095000 0 0 0 0 0.0 133 0 1 0 0 0 0 0 0.0000 0 0 0 
            0 0 1 0 0 0 0 0.0000 0 0 0 0 0  N 0 0.0000 0 0.0 0 0 0.0000 0.000000 
            0 0.0000 0.0000 0.0000 ;
          166 122585000 124483000 0 0 0 0 0.0 121 0 1 0 0 0 0 0 0.0000 0 0 
            0 0 0 1 0 0 0 0 0.0000 0 0 0 0 0  N 0 0.0000 0 0.0 0 0 0.0000 0.000000 
            0 0.0000 0.0000 0.0000 ;
          167 68173000 91151000 0 0 0 0 0.0 123 0 1 0 0 0 0 0 0.0000 0 0 0 
            0 0 1 0 0 0 0 0.0000 0 0 0 0 0  N 0 0.0000 0 0.0 0 0 0.0000 0.000000 
            0 0.0000 0.0000 0.0000 ;
          168 128959000 83241000 0 0 0 0 0.0 122 0 1 0 0 0 0 0 0.0000 0 0 0 
            0 0 1 0 0 0 0 0.0000 0 0 0 0 0  N 0 0.0000 0 0.0 0 0 0.0000 0.000000 
            0 0.0000 0.0000 0.0000 ;
          169 86533000 69564000 0 0 0 0 0.0 136 0 1 0 0 0 0 0 0.0000 0 0 0 
            0 0 1 0 0 0 0 0.0000 0 0 0 0 0  N 0 0.0000 0 0.0 0 0 0.0000 0.000000 
            0 0.0000 0.0000 0.0000 ;
          170 126654000 79608000 0 0 0 0 0.0 165 0 1 0 0 0 0 0 0.0000 0 0 0 
            0 0 1 0 0 0 0 0.0000 0 0 0 0 0  N 0 0.0000 0 0.0 0 0 0.0000 0.000000 
            0 0.0000 0.0000 0.0000 ;
          171 90854000 67965000 0 0 0 0 0.0 120 0 1 0 0 0 0 0 0.0000 0 0 0 
            0 0 1 0 0 0 0 0.0000 0 0 0 0 0  N 0 0.0000 0 0.0 0 0 0.0000 0.000000 
            0 0.0000 0.0000 0.0000 ;
          172 126654000 79608000 0 0 0 0 0.0 144 0 1 0 0 0 0 0 0.0000 0 0 0 
            0 0 1 0 0 0 0 0.0000 0 0 0 0 0  N 0 0.0000 0 0.0 0 0 0.0000 0.000000 
            0 0.0000 0.0000 0.0000 ;
          173 132591000 90989000 0 0 0 0 0.0 131 0 1 0 0 0 0 0 0.0000 0 0 0 
            0 0 1 0 0 0 0 0.0000 0 0 0 0 0  N 0 0.0000 0 0.0 0 0 0.0000 0.000000 
            0 0.0000 0.0000 0.0000 ;
          174 72289000 119456000 0 0 0 0 0.0 125 0 1 0 0 0 0 0 0.0000 0 0 0 
            0 0 1 0 0 0 0 0.0000 0 0 0 0 0  N 0 0.0000 0 0.0 0 0 0.0000 0.000000 
            0 0.0000 0.0000 0.0000 ;
          175 90624000 132773000 0 0 0 0 0.0 132 0 1 0 0 0 0 0 0.0000 0 0 0 
            0 0 1 0 0 0 0 0.0000 0 0 0 0 0  N 0 0.0000 0 0.0 0 0 0.0000 0.000000 
            0 0.0000 0.0000 0.0000 ;
          176 102877000 134173000 0 0 0 0 0.0 124 0 1 0 0 0 0 0 0.0000 0 0 
            0 0 0 1 0 0 0 0 0.0000 0 0 0 0 0  N 0 0.0000 0 0.0 0 0 0.0000 0.000000 
            0 0.0000 0.0000 0.0000 ;
          177 87154000 131678000 0 0 0 0 0.0 136 0 1 0 0 0 0 0 0.0000 0 0 0 
            0 0 1 0 0 0 0 0.0000 0 0 0 0 0  N 0 0.0000 0 0.0 0 0 0.0000 0.000000 
            0 0.0000 0.0000 0.0000 ;
          178 125448000 77227000 0 0 0 0 0.0 123 0 1 0 0 0 0 0 0.0000 0 0 0 
            0 0 1 0 0 0 0 0.0000 0 0 0 0 0  N 0 0.0000 0 0.0 0 0 0.0000 0.000000 
            0 0.0000 0.0000 0.0000 ;
          179 133954000 105857000 0 0 0 0 0.0 122 0 1 0 0 0 0 0 0.0000 0 0 
            0 0 0 1 0 0 0 0 0.0000 0 0 0 0 0  N 0 0.0000 0 0.0 0 0 0.0000 0.000000 
            0 0.0000 0.0000 0.0000 ;
          180 134414000 97270000 0 0 0 0 0.0 122 0 1 0 0 0 0 0 0.0000 0 0 0 
            0 0 1 0 0 0 0 0.0000 0 0 0 0 0  N 0 0.0000 0 0.0 0 0 0.0000 0.000000 
            0 0.0000 0.0000 0.0000 ;
          181 127880000 120544000 0 0 0 0 0.0 130 0 1 0 0 0 0 0 0.0000 0 0 
            0 0 0 1 0 0 0 0 0.0000 0 0 0 0 0  N 0 0.0000 0 0.0 0 0 0.0000 0.000000 
            0 0.0000 0.0000 0.0000 ;
          182 103160000 134569000 0 0 0 0 0.0 124 0 1 0 0 0 0 0 0.0000 0 0 
            0 0 0 1 0 0 0 0 0.0000 0 0 0 0 0  N 0 0.0000 0 0.0 0 0 0.0000 0.000000 
            0 0.0000 0.0000 0.0000 ;
          183 94946000 134243000 0 0 0 0 0.0 126 0 1 0 0 0 0 0 0.0000 0 0 0 
            0 0 1 0 0 0 0 0.0000 0 0 0 0 0  N 0 0.0000 0 0.0 0 0 0.0000 0.000000 
            0 0.0000 0.0000 0.0000 ;
          184 133123000 110430000 0 0 0 0 0.0 139 0 1 0 0 0 0 0 0.0000 0 0 
            0 0 0 1 0 0 0 0 0.0000 0 0 0 0 0  N 0 0.0000 0 0.0 0 0 0.0000 0.000000 
            0 0.0000 0.0000 0.0000 ;
          185 128722000 119787000 0 0 0 0 0.0 120 0 1 0 0 0 0 0 0.0000 0 0 
            0 0 0 1 0 0 0 0 0.0000 0 0 0 0 0  N 0 0.0000 0 0.0 0 0 0.0000 0.000000 
            0 0.0000 0.0000 0.0000 ;
          186 83830000 130761000 0 0 0 0 0.0 166 0 1 0 100 0 0 0 0.0000 0 0 
            0 0 0 1 0 0 0 0 0.0000 0 0 0 0 0  N 0 0.0000 0 0.0 0 0 0.0000 0.000000 
            0 0.0000 0.0000 0.0000 ;
          187 82826000 130110000 0 0 0 0 0.0 161 0 1 0 100 0 0 0 0.0000 0 0 
            0 0 0 1 0 0 0 0 0.0000 0 0 0 0 0  N 0 0.0000 0 0.0 0 0 0.0000 0.000000 
            0 0.0000 0.0000 0.0000 ;
          188 98845000 134945000 0 0 0 0 0.0 177 0 1 0 0 0 0 0 0.0000 0 0 0 
            0 0 1 0 0 0 0 0.0000 0 0 0 0 0  N 0 0.0000 0 0.0 0 0 0.0000 0.000000 
            0 0.0000 0.0000 0.0000 ;
          189 83602000 69254000 0 0 0 0 0.0 122 0 1 0 0 0 0 0 0.0000 0 0 0 
            0 0 1 0 0 0 0 0.0000 0 0 0 0 0  N 0 0.0000 0 0.0 0 0 0.0000 0.000000 
            0 0.0000 0.0000 0.0000 ;
          190 93044000 65853000 0 0 0 0 0.0 121 0 1 0 0 0 0 0 0.0000 0 0 0 
            0 0 1 0 0 0 0 0.0000 0 0 0 0 0  N 0 0.0000 0 0.0 0 0 0.0000 0.000000 
            0 0.0000 0.0000 0.0000 ;
          191 122137000 72840000 0 0 0 0 0.0 131 0 1 0 0 0 0 0 0.0000 0 0 0 
            0 0 1 0 0 0 0 0.0000 0 0 0 0 0  N 0 0.0000 0 0.0 0 0 0.0000 0.000000 
            0 0.0000 0.0000 0.0000 ;
          192 79137000 128284000 0 0 0 0 0.0 125 0 1 0 0 0 0 0 0.0000 0 0 0 
            0 0 1 0 0 0 0 0.0000 0 0 0 0 0  N 0 0.0000 0 0.0 0 0 0.0000 0.000000 
            0 0.0000 0.0000 0.0000 ;
          193 76061000 74448000 0 0 0 0 0.0 137 0 1 0 0 0 0 0 0.0000 0 0 0 
            0 0 1 0 0 0 0 0.0000 0 0 0 0 0  N 0 0.0000 0 0.0 0 0 0.0000 0.000000 
            0 0.0000 0.0000 0.0000 ;
          194 135127000 96538000 0 0 0 0 0.0 132 0 1 0 0 0 0 0 0.0000 0 0 0 
            0 0 1 0 0 0 0 0.0000 0 0 0 0 0  N 0 0.0000 0 0.0 0 0 0.0000 0.000000 
            0 0.0000 0.0000 0.0000 ;
          195 75852000 125962000 0 0 0 0 0.0 125 0 1 0 0 0 0 0 0.0000 0 0 0 
            0 0 1 0 0 0 0 0.0000 0 0 0 0 0  N 0 0.0000 0 0.0 0 0 0.0000 0.000000 
            0 0.0000 0.0000 0.0000 ;
          196 130915000 82782000 0 0 0 0 0.0 131 0 1 0 0 0 0 0 0.0000 0 0 0 
            0 0 1 0 0 0 0 0.0000 0 0 0 0 0  N 0 0.0000 0 0.0 0 0 0.0000 0.000000 
            0 0.0000 0.0000 0.0000 ;
          197 132060000 115550000 0 0 0 0 0.0 138 0 1 0 0 0 0 0 0.0000 0 0 
            0 0 0 1 0 0 0 0 0.0000 0 0 0 0 0  N 0 0.0000 0 0.0 0 0 0.0000 0.000000 
            0 0.0000 0.0000 0.0000 ;
          198 130238000 118872000 0 0 0 0 0.0 137 0 1 0 0 0 0 0 0.0000 0 0 
            0 0 0 1 0 0 0 0 0.0000 0 0 0 0 0  N 0 0.0000 0 0.0 0 0 0.0000 0.000000 
            0 0.0000 0.0000 0.0000 ;
          199 65373000 93047000 0 0 0 0 0.0 121 0 1 0 0 0 0 0 0.0000 0 0 0 
            0 0 1 0 0 0 0 0.0000 0 0 0 0 0  N 0 0.0000 0 0.0 0 0 0.0000 0.000000 
            0 0.0000 0.0000 0.0000 ;
          200 69406000 82412000 0 0 0 0 0.0 128 0 1 0 0 0 0 0 0.0000 0 0 0 
            0 0 1 0 0 0 0 0.0000 0 0 0 0 0  N 0 0.0000 0 0.0 0 0 0.0000 0.000000 
            0 0.0000 0.0000 0.0000 ;
          201 122060000 128552000 0 0 0 0 0.0 125 0 1 0 0 0 0 0 0.0000 0 0 
            0 0 0 1 0 0 0 0 0.0000 0 0 0 0 0  N 0 0.0000 0 0.0 0 0 0.0000 0.000000 
            0 0.0000 0.0000 0.0000 ;
          202 119116000 130533000 0 0 0 0 0.0 131 0 1 0 0 0 0 0 0.0000 0 0 
            0 0 0 1 0 0 0 0 0.0000 0 0 0 0 0  N 0 0.0000 0 0.0 0 0 0.0000 0.000000 
            0 0.0000 0.0000 0.0000 ;
          203 113035000 66668000 0 0 0 0 0.0 135 0 1 0 0 0 0 0 0.0000 0 0 0 
            0 0 1 0 0 0 0 0.0000 0 0 0 0 0  N 0 0.0000 0 0.0 0 0 0.0000 0.000000 
            0 0.0000 0.0000 0.0000 ;
          204 131818000 83177000 0 0 0 0 0.0 126 0 1 0 0 0 0 0 0.0000 0 0 0 
            0 0 1 0 0 0 0 0.0000 0 0 0 0 0  N 0 0.0000 0 0.0 0 0 0.0000 0.000000 
            0 0.0000 0.0000 0.0000 ;
          205 135048000 91883000 0 0 0 0 0.0 160 0 1 0 100 0 0 0 0.0000 0 0 
            0 0 0 1 0 0 0 0 0.0000 0 0 0 0 0  N 0 0.0000 0 0.0 0 0 0.0000 0.000000 
            0 0.0000 0.0000 0.0000 ;
          206 103211000 136021000 0 0 0 0 0.0 129 0 1 0 0 0 0 0 0.0000 0 0 
            0 0 0 1 0 0 0 0 0.0000 0 0 0 0 0  N 0 0.0000 0 0.0 0 0 0.0000 0.000000 
            0 0.0000 0.0000 0.0000 ;
          207 90310000 134792000 0 0 0 0 0.0 168 0 1 0 100 0 0 0 0.0000 0 0 
            0 0 0 1 0 0 0 0 0.0000 0 0 0 0 0  N 0 0.0000 0 0.0 0 0 0.0000 0.000000 
            0 0.0000 0.0000 0.0000 ;
          208 133689000 113756000 0 0 0 0 0.0 126 0 1 0 0 0 0 0 0.0000 0 0 
            0 0 0 1 0 0 0 0 0.0000 0 0 0 0 0  N 0 0.0000 0 0.0 0 0 0.0000 0.000000 
            0 0.0000 0.0000 0.0000 ;
          209 102327000 63755000 0 0 0 0 0.0 131 0 1 0 0 0 0 0 0.0000 0 0 0 
            0 0 1 0 0 0 0 0.0000 0 0 0 0 0  N 0 0.0000 0 0.0 0 0 0.0000 0.000000 
            0 0.0000 0.0000 0.0000 ;
          210 132719000 116710000 0 0 0 0 0.0 120 0 1 0 0 0 0 0 0.0000 0 0 
            0 0 0 1 0 0 0 0 0.0000 0 0 0 0 0  N 0 0.0000 0 0.0 0 0 0.0000 0.000000 
            0 0.0000 0.0000 0.0000 ;
          211 75360000 126949000 0 0 0 0 0.0 127 0 1 0 0 0 0 0 0.0000 0 0 0 
            0 0 1 0 0 0 0 0.0000 0 0 0 0 0  N 0 0.0000 0 0.0 0 0 0.0000 0.000000 
            0 0.0000 0.0000 0.0000 ;
          212 63620000 104471000 0 0 0 0 0.0 131 0 1 0 0 0 0 0 0.0000 0 0 0 
            0 0 1 0 0 0 0 0.0000 0 0 0 0 0  N 0 0.0000 0 0.0 0 0 0.0000 0.000000 
            0 0.0000 0.0000 0.0000 ;
          213 99209000 136959000 0 0 0 0 0.0 130 0 1 0 0 0 0 0 0.0000 0 0 0 
            0 0 1 0 0 0 0 0.0000 0 0 0 0 0  N 0 0.0000 0 0.0 0 0 0.0000 0.000000 
            0 0.0000 0.0000 0.0000 ;
          214 66788000 116027000 0 0 0 0 0.0 123 0 1 0 0 0 0 0 0.0000 0 0 0 
            0 0 1 0 0 0 0 0.0000 0 0 0 0 0  N 0 0.0000 0 0.0 0 0 0.0000 0.000000 
            0 0.0000 0.0000 0.0000 ;
          215 63196000 97960000 0 0 0 0 0.0 129 0 1 0 0 0 0 0 0.0000 0 0 0 
            0 0 1 0 0 0 0 0.0000 0 0 0 0 0  N 0 0.0000 0 0.0 0 0 0.0000 0.000000 
            0 0.0000 0.0000 0.0000 ;
          216 116207000 66633000 0 0 0 0 0.0 131 0 1 0 0 0 0 0 0.0000 0 0 0 
            0 0 1 0 0 0 0 0.0000 0 0 0 0 0  N 0 0.0000 0 0.0 0 0 0.0000 0.000000 
            0 0.0000 0.0000 0.0000 ;
          217 110780000 136030000 0 0 0 0 0.0 122 0 1 0 0 0 0 0 0.0000 0 0 
            0 0 0 1 0 0 0 0 0.0000 0 0 0 0 0  N 0 0.0000 0 0.0 0 0 0.0000 0.000000 
            0 0.0000 0.0000 0.0000 ;
          218 99160000 137751000 0 0 0 0 0.0 126 0 1 0 0 0 0 0 0.0000 0 0 0 
            0 0 1 0 0 0 0 0.0000 0 0 0 0 0  N 0 0.0000 0 0.0 0 0 0.0000 0.000000 
            0 0.0000 0.0000 0.0000 ;
          219 122788000 130357000 0 0 0 0 0.0 120 0 1 0 0 0 0 0 0.0000 0 0 
            0 0 0 1 0 0 0 0 0.0000 0 0 0 0 0  N 0 0.0000 0 0.0 0 0 0.0000 0.000000 
            0 0.0000 0.0000 0.0000 ;
          220 117027000 134025000 0 0 0 0 0.0 126 0 1 0 0 0 0 0 0.0000 0 0 
            0 0 0 1 0 0 0 0 0.0000 0 0 0 0 0  N 0 0.0000 0 0.0 0 0 0.0000 0.000000 
            0 0.0000 0.0000 0.0000 ;
          221 97766000 137954000 0 0 0 0 0.0 122 0 1 0 0 0 0 0 0.0000 0 0 0 
            0 0 1 0 0 0 0 0.0000 0 0 0 0 0  N 0 0.0000 0 0.0 0 0 0.0000 0.000000 
            0 0.0000 0.0000 0.0000 ;
          222 118731000 133216000 0 0 0 0 0.0 155 0 1 0 100 0 0 0 0.0000 0 
            0 0 0 0 1 0 0 0 0 0.0000 0 0 0 0 0  N 0 0.0000 0 0.0 0 0 0.0000 
            0.000000 0 0.0000 0.0000 0.0000 ;
          223 75925000 70731000 0 0 0 0 0.0 132 0 1 0 0 0 0 0 0.0000 0 0 0 
            0 0 1 0 0 0 0 0.0000 0 0 0 0 0  N 0 0.0000 0 0.0 0 0 0.0000 0.000000 
            0 0.0000 0.0000 0.0000 ;
          224 138173000 98664000 0 0 0 0 0.0 130 0 1 0 0 0 0 0 0.0000 0 0 0 
            0 0 1 0 0 0 0 0.0000 0 0 0 0 0  N 0 0.0000 0 0.0 0 0 0.0000 0.000000 
            0 0.0000 0.0000 0.0000 ;
          225 101198000 61849000 0 0 0 0 0.0 158 0 1 0 100 0 0 0 0.0000 0 0 
            0 0 0 1 0 0 0 0 0.0000 0 0 0 0 0  N 0 0.0000 0 0.0 0 0 0.0000 0.000000 
            0 0.0000 0.0000 0.0000 ;
          226 66996000 119459000 0 0 0 0 0.0 127 0 1 0 0 0 0 0 0.0000 0 0 0 
            0 0 1 0 0 0 0 0.0000 0 0 0 0 0  N 0 0.0000 0 0.0 0 0 0.0000 0.000000 
            0 0.0000 0.0000 0.0000 ;
          227 63382000 88613000 0 0 0 0 0.0 130 0 1 0 0 0 0 0 0.0000 0 0 0 
            0 0 1 0 0 0 0 0.0000 0 0 0 0 0  N 0 0.0000 0 0.0 0 0 0.0000 0.000000 
            0 0.0000 0.0000 0.0000 ;
          228 130661000 76751000 0 0 0 0 0.0 160 0 1 0 100 0 0 0 0.0000 0 0 
            0 0 0 1 0 0 0 0 0.0000 0 0 0 0 0  N 0 0.0000 0 0.0 0 0 0.0000 0.000000 
            0 0.0000 0.0000 0.0000 ;
          229 138104000 105954000 0 0 0 0 0.0 127 0 1 0 0 0 0 0 0.0000 0 0 
            0 0 0 1 0 0 0 0 0.0000 0 0 0 0 0  N 0 0.0000 0 0.0 0 0 0.0000 0.000000 
            0 0.0000 0.0000 0.0000 ;
          230 117871000 134415000 0 0 0 0 0.0 122 0 1 0 0 0 0 0 0.0000 0 0 
            0 0 0 1 0 0 0 0 0.0000 0 0 0 0 0  N 0 0.0000 0 0.0 0 0 0.0000 0.000000 
            0 0.0000 0.0000 0.0000 ;
          231 70701000 75213000 0 0 0 0 0.0 132 0 1 0 0 0 0 0 0.0000 0 0 0 
            0 0 1 0 0 0 0 0.0000 0 0 0 0 0  N 0 0.0000 0 0.0 0 0 0.0000 0.000000 
            0 0.0000 0.0000 0.0000 ;
          232 117830000 65761000 0 0 0 0 0.0 120 0 1 0 0 0 0 0 0.0000 0 0 0 
            0 0 1 0 0 0 0 0.0000 0 0 0 0 0  N 0 0.0000 0 0.0 0 0 0.0000 0.000000 
            0 0.0000 0.0000 0.0000 ;
          233 86494000 136492000 0 0 0 0 0.0 161 0 1 0 100 0 0 0 0.0000 0 0 
            0 0 0 1 0 0 0 0 0.0000 0 0 0 0 0  N 0 0.0000 0 0.0 0 0 0.0000 0.000000 
            0 0.0000 0.0000 0.0000 ;
          234 92287000 62037000 0 0 0 0 0.0 124 0 1 0 0 0 0 0 0.0000 0 0 0 
            0 0 1 0 0 0 0 0.0000 0 0 0 0 0  N 0 0.0000 0 0.0 0 0 0.0000 0.000000 
            0 0.0000 0.0000 0.0000 ;
          235 68227000 122649000 0 0 0 0 0.0 158 0 1 0 100 0 0 0 0.0000 0 0 
            0 0 0 1 0 0 0 0 0.0000 0 0 0 0 0  N 0 0.0000 0 0.0 0 0 0.0000 0.000000 
            0 0.0000 0.0000 0.0000 ;
          236 66167000 119551000 0 0 0 0 0.0 125 0 1 0 0 0 0 0 0.0000 0 0 0 
            0 0 1 0 0 0 0 0.0000 0 0 0 0 0  N 0 0.0000 0 0.0 0 0 0.0000 0.000000 
            0 0.0000 0.0000 0.0000 ;
          237 92716000 138685000 0 0 0 0 0.0 124 0 1 0 0 0 0 0 0.0000 0 0 0 
            0 0 1 0 0 0 0 0.0000 0 0 0 0 0  N 0 0.0000 0 0.0 0 0 0.0000 0.000000 
            0 0.0000 0.0000 0.0000 ;
          238 131645000 123779000 0 0 0 0 0.0 141 0 1 0 0 0 0 0 0.0000 0 0 
            0 0 0 1 0 0 0 0 0.0000 0 0 0 0 0  N 0 0.0000 0 0.0 0 0 0.0000 0.000000 
            0 0.0000 0.0000 0.0000 ;
          239 129563000 126376000 0 0 0 0 0.0 155 0 1 0 100 0 0 0 0.0000 0 
            0 0 0 0 1 0 0 0 0 0.0000 0 0 0 0 0  N 0 0.0000 0 0.0 0 0 0.0000 
            0.000000 0 0.0000 0.0000 0.0000 ;
          240 70880000 126518000 0 0 0 0 0.0 123 0 1 0 0 0 0 0 0.0000 0 0 0 
            0 0 1 0 0 0 0 0.0000 0 0 0 0 0  N 0 0.0000 0 0.0 0 0 0.0000 0.000000 
            0 0.0000 0.0000 0.0000 ;
          241 139720000 101517000 0 0 0 0 0.0 132 0 1 0 0 0 0 0 0.0000 0 0 
            0 0 0 1 0 0 0 0 0.0000 0 0 0 0 0  N 0 0.0000 0 0.0 0 0 0.0000 0.000000 
            0 0.0000 0.0000 0.0000 ;
          242 98752000 139834000 0 0 0 0 0.0 121 0 1 0 0 0 0 0 0.0000 0 0 0 
            0 0 1 0 0 0 0 0.0000 0 0 0 0 0  N 0 0.0000 0 0.0 0 0 0.0000 0.000000 
            0 0.0000 0.0000 0.0000 ;
          243 60467000 96232000 0 0 0 0 0.0 123 0 1 0 0 0 0 0 0.0000 0 0 0 
            0 0 1 0 0 0 0 0.0000 0 0 0 0 0  N 0 0.0000 0 0.0 0 0 0.0000 0.000000 
            0 0.0000 0.0000 0.0000 ;
          244 70954000 127397000 0 0 0 0 0.0 164 0 1 0 100 0 0 0 0.0000 0 0 
            0 0 0 1 0 0 0 0 0.0000 0 0 0 0 0  N 0 0.0000 0 0.0 0 0 0.0000 0.000000 
            0 0.0000 0.0000 0.0000 ;
          245 137126000 115442000 0 0 0 0 0.0 138 0 1 0 0 0 0 0 0.0000 0 0 
            0 0 0 1 0 0 0 0 0.0000 0 0 0 0 0  N 0 0.0000 0 0.0 0 0 0.0000 0.000000 
            0 0.0000 0.0000 0.0000 ;
          246 73247000 70268000 0 0 0 0 0.0 128 0 1 0 0 0 0 0 0.0000 0 0 0 
            0 0 1 0 0 0 0 0.0000 0 0 0 0 0  N 0 0.0000 0 0.0 0 0 0.0000 0.000000 
            0 0.0000 0.0000 0.0000 ;
          247 80096000 135017000 0 0 0 0 0.0 131 0 1 0 0 0 0 0 0.0000 0 0 0 
            0 0 1 0 0 0 0 0.0000 0 0 0 0 0  N 0 0.0000 0 0.0 0 0 0.0000 0.000000 
            0 0.0000 0.0000 0.0000 ;
          248 93009000 60380000 0 0 0 0 0.0 123 0 1 0 0 0 0 0 0.0000 0 0 0 
            0 0 1 0 0 0 0 0.0000 0 0 0 0 0  N 0 0.0000 0 0.0 0 0 0.0000 0.000000 
            0 0.0000 0.0000 0.0000 ;
          249 65001000 120141000 0 0 0 0 0.0 126 0 1 0 0 0 0 0 0.0000 0 0 0 
            0 0 1 0 0 0 0 0.0000 0 0 0 0 0  N 0 0.0000 0 0.0 0 0 0.0000 0.000000 
            0 0.0000 0.0000 0.0000 ;
          250 96817000 59602000 0 0 0 0 0.0 125 0 1 0 0 0 0 0 0.0000 0 0 0 
            0 0 1 0 0 0 0 0.0000 0 0 0 0 0  N 0 0.0000 0 0.0 0 0 0.0000 0.000000 
            0 0.0000 0.0000 0.0000 ;
          251 137574000 84232000 0 0 0 0 0.0 128 0 1 0 0 0 0 0 0.0000 0 0 0 
            0 0 1 0 0 0 0 0.0000 0 0 0 0 0  N 0 0.0000 0 0.0 0 0 0.0000 0.000000 
            0 0.0000 0.0000 0.0000 ;
          252 122009000 134534000 0 0 0 0 0.0 123 0 1 0 0 0 0 0 0.0000 0 0 
            0 0 0 1 0 0 0 0 0.0000 0 0 0 0 0  N 0 0.0000 0 0.0 0 0 0.0000 0.000000 
            0 0.0000 0.0000 0.0000 ;
          253 66071000 122536000 0 0 0 0 0.0 131 0 1 0 0 0 0 0 0.0000 0 0 0 
            0 0 1 0 0 0 0 0.0000 0 0 0 0 0  N 0 0.0000 0 0.0 0 0 0.0000 0.000000 
            0 0.0000 0.0000 0.0000 ;
          254 91007000 60258000 0 0 0 0 0.0 121 0 1 0 0 0 0 0 0.0000 0 0 0 
            0 0 1 0 0 0 0 0.0000 0 0 0 0 0  N 0 0.0000 0 0.0 0 0 0.0000 0.000000 
            0 0.0000 0.0000 0.0000 ;
          255 69733000 72262000 0 0 0 0 0.0 121 0 1 0 0 0 0 0 0.0000 0 0 0 
            0 0 1 0 0 0 0 0.0000 0 0 0 0 0  N 0 0.0000 0 0.0 0 0 0.0000 0.000000 
            0 0.0000 0.0000 0.0000 ;
          256 74795000 67481000 0 0 0 0 0.0 125 0 1 0 0 0 0 0 0.0000 0 0 0 
            0 0 1 0 0 0 0 0.0000 0 0 0 0 0  N 0 0.0000 0 0.0 0 0 0.0000 0.000000 
            0 0.0000 0.0000 0.0000 ;
          257 130789000 72489000 0 0 0 0 0.0 125 0 1 0 0 0 0 0 0.0000 0 0 0 
            0 0 1 0 0 0 0 0.0000 0 0 0 0 0  N 0 0.0000 0 0.0 0 0 0.0000 0.000000 
            0 0.0000 0.0000 0.0000 ;
          258 99049000 58500000 0 0 0 0 0.0 128 0 1 0 0 0 0 0 0.0000 0 0 0 
            0 0 1 0 0 0 0 0.0000 0 0 0 0 0  N 0 0.0000 0 0.0 0 0 0.0000 0.000000 
            0 0.0000 0.0000 0.0000 ;
          259 125795000 67287000 0 0 0 0 0.0 121 0 1 0 0 0 0 0 0.0000 0 0 0 
            0 0 1 0 0 0 0 0.0000 0 0 0 0 0  N 0 0.0000 0 0.0 0 0 0.0000 0.000000 
            0 0.0000 0.0000 0.0000 ;
          260 62711000 81543000 0 0 0 0 0.0 133 0 1 0 0 0 0 0 0.0000 0 0 0 
            0 0 1 0 0 0 0 0.0000 0 0 0 0 0  N 0 0.0000 0 0.0 0 0 0.0000 0.000000 
            0 0.0000 0.0000 0.0000 ;
          261 76612000 65586000 0 0 0 0 0.0 161 0 1 0 100 0 0 0 0.0000 0 0 
            0 0 0 1 0 0 0 0 0.0000 0 0 0 0 0  N 0 0.0000 0 0.0 0 0 0.0000 0.000000 
            0 0.0000 0.0000 0.0000 ;
          262 94637000 58631000 0 0 0 0 0.0 124 0 1 0 0 0 0 0 0.0000 0 0 0 
            0 0 1 0 0 0 0 0.0000 0 0 0 0 0  N 0 0.0000 0 0.0 0 0 0.0000 0.000000 
            0 0.0000 0.0000 0.0000 ;
          263 108346000 59149000 0 0 0 0 0.0 120 0 1 0 0 0 0 0 0.0000 0 0 0 
            0 0 1 0 0 0 0 0.0000 0 0 0 0 0  N 0 0.0000 0 0.0 0 0 0.0000 0.000000 
            0 0.0000 0.0000 0.0000 ;
          264 62088000 82145000 0 0 0 0 0.0 133 0 1 0 0 0 0 0 0.0000 0 0 0 
            0 0 1 0 0 0 0 0.0000 0 0 0 0 0  N 0 0.0000 0 0.0 0 0 0.0000 0.000000 
            0 0.0000 0.0000 0.0000 ;
          265 79215000 63700000 0 0 0 0 0.0 125 0 1 0 0 0 0 0 0.0000 0 0 0 
            0 0 1 0 0 0 0 0.0000 0 0 0 0 0  N 0 0.0000 0 0.0 0 0 0.0000 0.000000 
            0 0.0000 0.0000 0.0000 ;
          266 141262000 108945000 0 0 0 0 0.0 161 0 1 0 100 0 0 0 0.0000 0 
            0 0 0 0 1 0 0 0 0 0.0000 0 0 0 0 0  N 0 0.0000 0 0.0 0 0 0.0000 
            0.000000 0 0.0000 0.0000 0.0000 ;
          267 84534000 139310000 0 0 0 0 0.0 124 0 1 0 0 0 0 0 0.0000 0 0 0 
            0 0 1 0 0 0 0 0.0000 0 0 0 0 0  N 0 0.0000 0 0.0 0 0 0.0000 0.000000 
            0 0.0000 0.0000 0.0000 ;
          268 66936000 126039000 0 0 0 0 0.0 163 0 1 0 100 0 0 0 0.0000 0 0 
            0 0 0 1 0 0 0 0 0.0000 0 0 0 0 0  N 0 0.0000 0 0.0 0 0 0.0000 0.000000 
            0 0.0000 0.0000 0.0000 ;
          269 118262000 62115000 0 0 0 0 0.0 127 0 1 0 0 0 0 0 0.0000 0 0 0 
            0 0 1 0 0 0 0 0.0000 0 0 0 0 0  N 0 0.0000 0 0.0 0 0 0.0000 0.000000 
            0 0.0000 0.0000 0.0000 ;
          270 135879000 77624000 0 0 0 0 0.0 123 0 1 0 0 0 0 0 0.0000 0 0 0 
            0 0 1 0 0 0 0 0.0000 0 0 0 0 0  N 0 0.0000 0 0.0 0 0 0.0000 0.000000 
            0 0.0000 0.0000 0.0000 ;
          271 139660000 84641000 0 0 0 0 0.0 126 0 1 0 0 0 0 0 0.0000 0 0 0 
            0 0 1 0 0 0 0 0.0000 0 0 0 0 0  N 0 0.0000 0 0.0 0 0 0.0000 0.000000 
            0 0.0000 0.0000 0.0000 ;
          272 120489000 62506000 0 0 0 0 0.0 141 0 1 0 0 0 0 0 0.0000 0 0 0 
            0 0 1 0 0 0 0 0.0000 0 0 0 0 0  N 0 0.0000 0 0.0 0 0 0.0000 0.000000 
            0 0.0000 0.0000 0.0000 ;
          273 142486000 105724000 0 0 0 0 0.0 168 0 1 0 100 0 0 0 0.0000 0 
            0 0 0 0 1 0 0 0 0 0.0000 0 0 0 0 0  N 0 0.0000 0 0.0 0 0 0.0000 
            0.000000 0 0.0000 0.0000 0.0000 ;
          274 133503000 127079000 0 0 0 0 0.0 155 0 1 0 100 0 0 0 0.0000 0 
            0 0 0 0 1 0 0 0 0 0.0000 0 0 0 0 0  N 0 0.0000 0 0.0 0 0 0.0000 
            0.000000 0 0.0000 0.0000 0.0000 ;
          275 90230000 141991000 0 0 0 0 0.0 123 0 1 0 0 0 0 0 0.0000 0 0 0 
            0 0 1 0 0 0 0 0.0000 0 0 0 0 0  N 0 0.0000 0 0.0 0 0 0.0000 0.000000 
            0 0.0000 0.0000 0.0000 ;
          276 57291000 96367000 0 0 0 0 0.0 120 0 1 0 0 0 0 0 0.0000 0 0 0 
            0 0 1 0 0 0 0 0.0000 0 0 0 0 0  N 0 0.0000 0 0.0 0 0 0.0000 0.000000 
            0 0.0000 0.0000 0.0000 ;
          277 92397000 57775000 0 0 0 0 0.0 130 0 1 0 0 0 0 0 0.0000 0 0 0 
            0 0 1 0 0 0 0 0.0000 0 0 0 0 0  N 0 0.0000 0 0.0 0 0 0.0000 0.000000 
            0 0.0000 0.0000 0.0000 ;
          278 59416000 114667000 0 0 0 0 0.0 134 0 1 0 0 0 0 0 0.0000 0 0 0 
            0 0 1 0 0 0 0 0.0000 0 0 0 0 0  N 0 0.0000 0 0.0 0 0 0.0000 0.000000 
            0 0.0000 0.0000 0.0000 ;
          279 104801000 57105000 0 0 0 0 0.0 131 0 1 0 0 0 0 0 0.0000 0 0 0 
            0 0 1 0 0 0 0 0.0000 0 0 0 0 0  N 0 0.0000 0 0.0 0 0 0.0000 0.000000 
            0 0.0000 0.0000 0.0000 ;
          280 112005000 58593000 0 0 0 0 0.0 125 0 1 0 0 0 0 0 0.0000 0 0 0 
            0 0 1 0 0 0 0 0.0000 0 0 0 0 0  N 0 0.0000 0 0.0 0 0 0.0000 0.000000 
            0 0.0000 0.0000 0.0000 ;
          281 131934000 70956000 0 0 0 0 0.0 135 0 1 0 0 0 0 0 0.0000 0 0 0 
            0 0 1 0 0 0 0 0.0000 0 0 0 0 0  N 0 0.0000 0 0.0 0 0 0.0000 0.000000 
            0 0.0000 0.0000 0.0000 ;
          282 69003000 130569000 0 0 0 0 0.0 126 0 1 0 0 0 0 0 0.0000 0 0 0 
            0 0 1 0 0 0 0 0.0000 0 0 0 0 0  N 0 0.0000 0 0.0 0 0 0.0000 0.000000 
            0 0.0000 0.0000 0.0000 ;
          283 58370000 112194000 0 0 0 0 0.0 179 0 1 0 100 0 0 0 0.0000 0 0 
            0 0 0 1 0 0 0 0 0.0000 0 0 0 0 0  N 0 0.0000 0 0.0 0 0 0.0000 0.000000 
            0 0.0000 0.0000 0.0000 ;
          284 95719000 56818000 0 0 0 0 0.0 130 0 1 0 0 0 0 0 0.0000 0 0 0 
            0 0 1 0 0 0 0 0.0000 0 0 0 0 0  N 0 0.0000 0 0.0 0 0 0.0000 0.000000 
            0 0.0000 0.0000 0.0000 ;
          285 92749000 143267000 0 0 0 0 0.0 123 0 1 0 0 0 0 0 0.0000 0 0 0 
            0 0 1 0 0 0 0 0.0000 0 0 0 0 0  N 0 0.0000 0 0.0 0 0 0.0000 0.000000 
            0 0.0000 0.0000 0.0000 ;
          286 142057000 87158000 0 0 0 0 0.0 125 0 1 0 0 0 0 0 0.0000 0 0 0 
            0 0 1 0 0 0 0 0.0000 0 0 0 0 0  N 0 0.0000 0 0.0 0 0 0.0000 0.000000 
            0 0.0000 0.0000 0.0000 ;
          287 87625000 142338000 0 0 0 0 0.0 120 0 1 0 0 0 0 0 0.0000 0 0 0 
            0 0 1 0 0 0 0 0.0000 0 0 0 0 0  N 0 0.0000 0 0.0 0 0 0.0000 0.000000 
            0 0.0000 0.0000 0.0000 ;
          288 62739000 123349000 0 0 0 0 0.0 127 0 1 0 0 0 0 0 0.0000 0 0 0 
            0 0 1 0 0 0 0 0.0000 0 0 0 0 0  N 0 0.0000 0 0.0 0 0 0.0000 0.000000 
            0 0.0000 0.0000 0.0000 ;
          289 68460000 69577000 0 0 0 0 0.0 123 0 1 0 0 0 0 0 0.0000 0 0 0 
            0 0 1 0 0 0 0 0.0000 0 0 0 0 0  N 0 0.0000 0 0.0 0 0 0.0000 0.000000 
            0 0.0000 0.0000 0.0000 ;
          290 144082000 104092000 0 0 0 0 0.0 137 0 1 0 0 0 0 0 0.0000 0 0 
            0 0 0 1 0 0 0 0 0.0000 0 0 0 0 0  N 0 0.0000 0 0.0 0 0 0.0000 0.000000 
            0 0.0000 0.0000 0.0000 ;
          291 90265000 143215000 0 0 0 0 0.0 148 0 1 0 0 0 0 0 0.0000 0 0 0 
            0 0 1 0 0 0 0 0.0000 0 0 0 0 0  N 0 0.0000 0 0.0 0 0 0.0000 0.000000 
            0 0.0000 0.0000 0.0000 ;
          292 57722000 87498000 0 0 0 0 0.0 134 0 1 0 0 0 0 0 0.0000 0 0 0 
            0 0 1 0 0 0 0 0.0000 0 0 0 0 0  N 0 0.0000 0 0.0 0 0 0.0000 0.000000 
            0 0.0000 0.0000 0.0000 ;
          293 143017000 89486000 0 0 0 0 0.0 128 0 1 0 0 0 0 0 0.0000 0 0 0 
            0 0 1 0 0 0 0 0.0000 0 0 0 0 0  N 0 0.0000 0 0.0 0 0 0.0000 0.000000 
            0 0.0000 0.0000 0.0000 ;
          294 143297000 109727000 0 0 0 0 0.0 155 0 1 0 100 0 0 0 0.0000 0 
            0 0 0 0 1 0 0 0 0 0.0000 0 0 0 0 0  N 0 0.0000 0 0.0 0 0 0.0000 
            0.000000 0 0.0000 0.0000 0.0000 ;
          295 92564000 143837000 0 0 0 0 0.0 120 0 1 0 0 0 0 0 0.0000 0 0 0 
            0 0 1 0 0 0 0 0.0000 0 0 0 0 0  N 0 0.0000 0 0.0 0 0 0.0000 0.000000 
            0 0.0000 0.0000 0.0000 ;
          296 78425000 139076000 0 0 0 0 0.0 122 0 1 0 0 0 0 0 0.0000 0 0 0 
            0 0 1 0 0 0 0 0.0000 0 0 0 0 0  N 0 0.0000 0 0.0 0 0 0.0000 0.000000 
            0 0.0000 0.0000 0.0000 ;
          297 58792000 116743000 0 0 0 0 0.0 122 0 1 0 0 0 0 0 0.0000 0 0 0 
            0 0 1 0 0 0 0 0.0000 0 0 0 0 0  N 0 0.0000 0 0.0 0 0 0.0000 0.000000 
            0 0.0000 0.0000 0.0000 ;
          298 141444000 116929000 0 0 0 0 0.0 133 0 1 0 0 0 0 0 0.0000 0 0 
            0 0 0 1 0 0 0 0 0.0000 0 0 0 0 0  N 0 0.0000 0 0.0 0 0 0.0000 0.000000 
            0 0.0000 0.0000 0.0000 ;
          299 138955000 122319000 0 0 0 0 0.0 122 0 1 0 0 0 0 0 0.0000 0 0 
            0 0 0 1 0 0 0 0 0.0000 0 0 0 0 0  N 0 0.0000 0 0.0 0 0 0.0000 0.000000 
            0 0.0000 0.0000 0.0000 ;
          300 110728000 143534000 0 0 0 0 0.0 161 0 1 0 100 0 0 0 0.0000 0 
            0 0 0 0 1 0 0 0 0 0.0000 0 0 0 0 0  N 0 0.0000 0 0.0 0 0 0.0000 
            0.000000 0 0.0000 0.0000 0.0000 ;
          301 55441000 101983000 0 0 0 0 0.0 121 0 1 0 0 0 0 0 0.0000 0 0 0 
            0 0 1 0 0 0 0 0.0000 0 0 0 0 0  N 0 0.0000 0 0.0 0 0 0.0000 0.000000 
            0 0.0000 0.0000 0.0000 ;
          302 138969000 122471000 0 0 0 0 0.0 141 0 1 0 0 0 0 0 0.0000 0 0 
            0 0 0 1 0 0 0 0 0.0000 0 0 0 0 0  N 0 0.0000 0 0.0 0 0 0.0000 0.000000 
            0 0.0000 0.0000 0.0000 ;
          303 67068000 130717000 0 0 0 0 0.0 126 0 1 0 0 0 0 0 0.0000 0 0 0 
            0 0 1 0 0 0 0 0.0000 0 0 0 0 0  N 0 0.0000 0 0.0 0 0 0.0000 0.000000 
            0 0.0000 0.0000 0.0000 ;
          304 55243000 105711000 0 0 0 0 0.0 127 0 1 0 0 0 0 0 0.0000 0 0 0 
            0 0 1 0 0 0 0 0.0000 0 0 0 0 0  N 0 0.0000 0 0.0 0 0 0.0000 0.000000 
            0 0.0000 0.0000 0.0000 ;
          305 140901000 80465000 0 0 0 0 0.0 163 0 1 0 100 0 0 0 0.0000 0 0 
            0 0 0 1 0 0 0 0 0.0000 0 0 0 0 0  N 0 0.0000 0 0.0 0 0 0.0000 0.000000 
            0 0.0000 0.0000 0.0000 ;
          306 145316000 103217000 0 0 0 0 0.0 160 0 1 0 100 0 0 0 0.0000 0 
            0 0 0 0 1 0 0 0 0 0.0000 0 0 0 0 0  N 0 0.0000 0 0.0 0 0 0.0000 
            0.000000 0 0.0000 0.0000 0.0000 ;
          307 107850000 145007000 0 0 0 0 0.0 143 0 1 0 0 0 0 0 0.0000 0 0 
            0 0 0 1 0 0 0 0 0.0000 0 0 0 0 0  N 0 0.0000 0 0.0 0 0 0.0000 0.000000 
            0 0.0000 0.0000 0.0000 ;
          308 72454000 136428000 0 0 0 0 0.0 120 0 1 0 0 0 0 0 0.0000 0 0 0 
            0 0 1 0 0 0 0 0.0000 0 0 0 0 0  N 0 0.0000 0 0.0 0 0 0.0000 0.000000 
            0 0.0000 0.0000 0.0000 ;
          309 145756000 100430000 0 0 0 0 0.0 129 0 1 0 0 0 0 0 0.0000 0 0 
            0 0 0 1 0 0 0 0 0.0000 0 0 0 0 0  N 0 0.0000 0 0.0 0 0 0.0000 0.000000 
            0 0.0000 0.0000 0.0000 ;
          310 133654000 131146000 0 0 0 0 0.0 135 0 1 0 0 0 0 0 0.0000 0 0 
            0 0 0 1 0 0 0 0 0.0000 0 0 0 0 0  N 0 0.0000 0 0.0 0 0 0.0000 0.000000 
            0 0.0000 0.0000 0.0000 ;
          311 66691000 131332000 0 0 0 0 0.0 123 0 1 0 0 0 0 0 0.0000 0 0 0 
            0 0 1 0 0 0 0 0.0000 0 0 0 0 0  N 0 0.0000 0 0.0 0 0 0.0000 0.000000 
            0 0.0000 0.0000 0.0000 ;
          312 119521000 58502000 0 0 0 0 0.0 155 0 1 0 100 0 0 0 0.0000 0 0 
            0 0 0 1 0 0 0 0 0.0000 0 0 0 0 0  N 0 0.0000 0 0.0 0 0 0.0000 0.000000 
            0 0.0000 0.0000 0.0000 ;
          313 145827000 105158000 0 0 0 0 0.0 127 0 1 0 0 0 0 0 0.0000 0 0 
            0 0 0 1 0 0 0 0 0.0000 0 0 0 0 0  N 0 0.0000 0 0.0 0 0 0.0000 0.000000 
            0 0.0000 0.0000 0.0000 ;
          314 66300000 68840000 0 0 0 0 0.0 164 0 1 0 100 0 0 0 0.0000 0 0 
            0 0 0 1 0 0 0 0 0.0000 0 0 0 0 0  N 0 0.0000 0 0.0 0 0 0.0000 0.000000 
            0 0.0000 0.0000 0.0000 ;
          315 137761000 126881000 0 0 0 0 0.0 127 0 1 0 0 0 0 0 0.0000 0 0 
            0 0 0 1 0 0 0 0 0.0000 0 0 0 0 0  N 0 0.0000 0 0.0 0 0 0.0000 0.000000 
            0 0.0000 0.0000 0.0000 ;
          316 65301000 69697000 0 0 0 0 0.0 124 0 1 0 0 0 0 0 0.0000 0 0 0 
            0 0 1 0 0 0 0 0.0000 0 0 0 0 0  N 0 0.0000 0 0.0 0 0 0.0000 0.000000 
            0 0.0000 0.0000 0.0000 ;
          317 125667000 138821000 0 0 0 0 0.0 124 0 1 0 0 0 0 0 0.0000 0 0 
            0 0 0 1 0 0 0 0 0.0000 0 0 0 0 0  N 0 0.0000 0 0.0 0 0 0.0000 0.000000 
            0 0.0000 0.0000 0.0000 ;
          318 145556000 90352000 0 0 0 0 0.0 122 0 1 0 0 0 0 0 0.0000 0 0 0 
            0 0 1 0 0 0 0 0.0000 0 0 0 0 0  N 0 0.0000 0 0.0 0 0 0.0000 0.000000 
            0 0.0000 0.0000 0.0000 ;
          319 146429000 105007000 0 0 0 0 0.0 126 0 1 0 0 0 0 0 0.0000 0 0 
            0 0 0 1 0 0 0 0 0.0000 0 0 0 0 0  N 0 0.0000 0 0.0 0 0 0.0000 0.000000 
            0 0.0000 0.0000 0.0000 ;
          320 143879000 117506000 0 0 0 0 0.0 121 0 1 0 0 0 0 0 0.0000 0 0 
            0 0 0 1 0 0 0 0 0.0000 0 0 0 0 0  N 0 0.0000 0 0.0 0 0 0.0000 0.000000 
            0 0.0000 0.0000 0.0000 ;
          321 116502000 144470000 0 0 0 0 0.0 127 0 1 0 0 0 0 0 0.0000 0 0 
            0 0 0 1 0 0 0 0 0.0000 0 0 0 0 0  N 0 0.0000 0 0.0 0 0 0.0000 0.000000 
            0 0.0000 0.0000 0.0000 ;
          322 124091000 59281000 0 0 0 0 0.0 157 0 1 0 100 0 0 0 0.0000 0 0 
            0 0 0 1 0 0 0 0 0.0000 0 0 0 0 0  N 0 0.0000 0 0.0 0 0 0.0000 0.000000 
            0 0.0000 0.0000 0.0000 ;
          323 146382000 89981000 0 0 0 0 0.0 128 0 1 0 0 0 0 0 0.0000 0 0 0 
            0 0 1 0 0 0 0 0.0000 0 0 0 0 0  N 0 0.0000 0 0.0 0 0 0.0000 0.000000 
            0 0.0000 0.0000 0.0000 ;
          324 54184000 88312000 0 0 0 0 0.0 124 0 1 0 0 0 0 0 0.0000 0 0 0 
            0 0 1 0 0 0 0 0.0000 0 0 0 0 0  N 0 0.0000 0 0.0 0 0 0.0000 0.000000 
            0 0.0000 0.0000 0.0000 ;
          325 105015000 52908000 0 0 0 0 0.0 122 0 1 0 0 0 0 0 0.0000 0 0 0 
            0 0 1 0 0 0 0 0.0000 0 0 0 0 0  N 0 0.0000 0 0.0 0 0 0.0000 0.000000 
            0 0.0000 0.0000 0.0000 ;
          326 94943000 147429000 0 0 0 0 0.0 129 0 1 0 0 0 0 0 0.0000 0 0 0 
            0 0 1 0 0 0 0 0.0000 0 0 0 0 0  N 0 0.0000 0 0.0 0 0 0.0000 0.000000 
            0 0.0000 0.0000 0.0000 ;
          327 118964000 143908000 0 0 0 0 0.0 123 0 1 0 0 0 0 0 0.0000 0 0 
            0 0 0 1 0 0 0 0 0.0000 0 0 0 0 0  N 0 0.0000 0 0.0 0 0 0.0000 0.000000 
            0 0.0000 0.0000 0.0000 ;
          328 123393000 141995000 0 0 0 0 0.0 120 0 1 0 0 0 0 0 0.0000 0 0 
            0 0 0 1 0 0 0 0 0.0000 0 0 0 0 0  N 0 0.0000 0 0.0 0 0 0.0000 0.000000 
            0 0.0000 0.0000 0.0000 ;
          329 141382000 124878000 0 0 0 0 0.0 131 0 1 0 0 0 0 0 0.0000 0 0 
            0 0 0 1 0 0 0 0 0.0000 0 0 0 0 0  N 0 0.0000 0 0.0 0 0 0.0000 0.000000 
            0 0.0000 0.0000 0.0000 ;
          330 79333000 143508000 0 0 0 0 0.0 133 0 1 0 0 0 0 0 0.0000 0 0 0 
            0 0 1 0 0 0 0 0.0000 0 0 0 0 0  N 0 0.0000 0 0.0 0 0 0.0000 0.000000 
            0 0.0000 0.0000 0.0000 ;
          331 105851000 52348000 0 0 0 0 0.0 122 0 1 0 0 0 0 0 0.0000 0 0 0 
            0 0 1 0 0 0 0 0.0000 0 0 0 0 0  N 0 0.0000 0 0.0 0 0 0.0000 0.000000 
            0 0.0000 0.0000 0.0000 ;
          332 107643000 52574000 0 0 0 0 0.0 126 0 1 0 0 0 0 0 0.0000 0 0 0 
            0 0 1 0 0 0 0 0.0000 0 0 0 0 0  N 0 0.0000 0 0.0 0 0 0.0000 0.000000 
            0 0.0000 0.0000 0.0000 ;
          333 108774000 147772000 0 0 0 0 0.0 127 0 1 0 0 0 0 0 0.0000 0 0 
            0 0 0 1 0 0 0 0 0.0000 0 0 0 0 0  N 0 0.0000 0 0.0 0 0 0.0000 0.000000 
            0 0.0000 0.0000 0.0000 ;
          334 99773000 148727000 0 0 0 0 0.0 131 0 1 0 0 0 0 0 0.0000 0 0 0 
            0 0 1 0 0 0 0 0.0000 0 0 0 0 0  N 0 0.0000 0 0.0 0 0 0.0000 0.000000 
            0 0.0000 0.0000 0.0000 ;
          335 54486000 116900000 0 0 0 0 0.0 135 0 1 0 0 0 0 0 0.0000 0 0 0 
            0 0 1 0 0 0 0 0.0000 0 0 0 0 0  N 0 0.0000 0 0.0 0 0 0.0000 0.000000 
            0 0.0000 0.0000 0.0000 ;
          336 129851000 61518000 0 0 0 0 0.0 171 0 1 0 0 0 0 0 0.0000 0 0 0 
            0 0 1 0 0 0 0 0.0000 0 0 0 0 0  N 0 0.0000 0 0.0 0 0 0.0000 0.000000 
            0 0.0000 0.0000 0.0000 ;
          337 143669000 78114000 0 0 0 0 0.0 159 0 1 0 100 0 0 0 0.0000 0 0 
            0 0 0 1 0 0 0 0 0.0000 0 0 0 0 0  N 0 0.0000 0 0.0 0 0 0.0000 0.000000 
            0 0.0000 0.0000 0.0000 ;
          338 118587000 145429000 0 0 0 0 0.0 122 0 1 0 0 0 0 0 0.0000 0 0 
            0 0 0 1 0 0 0 0 0.0000 0 0 0 0 0  N 0 0.0000 0 0.0 0 0 0.0000 0.000000 
            0 0.0000 0.0000 0.0000 ;
          339 70465000 60919000 0 0 0 0 0.0 123 0 1 0 0 0 0 0 0.0000 0 0 0 
            0 0 1 0 0 0 0 0.0000 0 0 0 0 0  N 0 0.0000 0 0.0 0 0 0.0000 0.000000 
            0 0.0000 0.0000 0.0000 ;
          340 54634000 119278000 0 0 0 0 0.0 126 0 1 0 0 0 0 0 0.0000 0 0 0 
            0 0 1 0 0 0 0 0.0000 0 0 0 0 0  N 0 0.0000 0 0.0 0 0 0.0000 0.000000 
            0 0.0000 0.0000 0.0000 ;
          341 52699000 86742000 0 0 0 0 0.0 123 0 1 0 0 0 0 0 0.0000 0 0 0 
            0 0 1 0 0 0 0 0.0000 0 0 0 0 0  N 0 0.0000 0 0.0 0 0 0.0000 0.000000 
            0 0.0000 0.0000 0.0000 ;
          342 121840000 144491000 0 0 0 0 0.0 123 0 1 0 0 0 0 0 0.0000 0 0 
            0 0 0 1 0 0 0 0 0.0000 0 0 0 0 0  N 0 0.0000 0 0.0 0 0 0.0000 0.000000 
            0 0.0000 0.0000 0.0000 ;
          343 147264000 84803000 0 0 0 0 0.0 121 0 1 0 0 0 0 0 0.0000 0 0 0 
            0 0 1 0 0 0 0 0.0000 0 0 0 0 0  N 0 0.0000 0 0.0 0 0 0.0000 0.000000 
            0 0.0000 0.0000 0.0000 ;
          344 148561000 110584000 0 0 0 0 0.0 144 0 1 0 0 0 0 0 0.0000 0 0 
            0 0 0 1 0 0 0 0 0.0000 0 0 0 0 0  N 0 0.0000 0 0.0 0 0 0.0000 0.000000 
            0 0.0000 0.0000 0.0000 ;
          345 101914000 149643000 0 0 0 0 0.0 131 0 1 0 0 0 0 0 0.0000 0 0 
            0 0 0 1 0 0 0 0 0.0000 0 0 0 0 0  N 0 0.0000 0 0.0 0 0 0.0000 0.000000 
            0 0.0000 0.0000 0.0000 ;
          346 133958000 136737000 0 0 0 0 0.0 126 0 1 0 0 0 0 0 0.0000 0 0 
            0 0 0 1 0 0 0 0 0.0000 0 0 0 0 0  N 0 0.0000 0 0.0 0 0 0.0000 0.000000 
            0 0.0000 0.0000 0.0000 ;
          347 51491000 88581000 0 0 0 0 0.0 131 0 1 0 0 0 0 0 0.0000 0 0 0 
            0 0 1 0 0 0 0 0.0000 0 0 0 0 0  N 0 0.0000 0 0.0 0 0 0.0000 0.000000 
            0 0.0000 0.0000 0.0000 ;
          348 150098000 98768000 0 0 0 0 0.0 122 0 1 0 0 0 0 0 0.0000 0 0 0 
            0 0 1 0 0 0 0 0.0000 0 0 0 0 0  N 0 0.0000 0 0.0 0 0 0.0000 0.000000 
            0 0.0000 0.0000 0.0000 ;
          349 150205000 96636000 0 0 0 0 0.0 129 0 1 0 0 0 0 0 0.0000 0 0 0 
            0 0 1 0 0 0 0 0.0000 0 0 0 0 0  N 0 0.0000 0 0.0 0 0 0.0000 0.000000 
            0 0.0000 0.0000 0.0000 ;
          350 126393000 143042000 0 0 0 0 0.0 127 0 1 0 0 0 0 0 0.0000 0 0 
            0 0 0 1 0 0 0 0 0.0000 0 0 0 0 0  N 0 0.0000 0 0.0 0 0 0.0000 0.000000 
            0 0.0000 0.0000 0.0000 ;
          351 75626000 55704000 0 0 0 0 0.0 120 0 1 0 0 0 0 0 0.0000 0 0 0 
            0 0 1 0 0 0 0 0.0000 0 0 0 0 0  N 0 0.0000 0 0.0 0 0 0.0000 0.000000 
            0 0.0000 0.0000 0.0000 ;
          352 102036000 49424000 0 0 0 0 0.0 120 0 1 0 0 0 0 0 0.0000 0 0 0 
            0 0 1 0 0 0 0 0.0000 0 0 0 0 0  N 0 0.0000 0 0.0 0 0 0.0000 0.000000 
            0 0.0000 0.0000 0.0000 ;
          353 68159000 139646000 0 0 0 0 0.0 128 0 1 0 0 0 0 0 0.0000 0 0 0 
            0 0 1 0 0 0 0 0.0000 0 0 0 0 0  N 0 0.0000 0 0.0 0 0 0.0000 0.000000 
            0 0.0000 0.0000 0.0000 ;
          354 141697000 70869000 0 0 0 0 0.0 122 0 1 0 0 0 0 0 0.0000 0 0 0 
            0 0 1 0 0 0 0 0.0000 0 0 0 0 0  N 0 0.0000 0 0.0 0 0 0.0000 0.000000 
            0 0.0000 0.0000 0.0000 ;
          355 150867000 96954000 0 0 0 0 0.0 131 0 1 0 0 0 0 0 0.0000 0 0 0 
            0 0 1 0 0 0 0 0.0000 0 0 0 0 0  N 0 0.0000 0 0.0 0 0 0.0000 0.000000 
            0 0.0000 0.0000 0.0000 ;
          356 119224000 52899000 0 0 0 0 0.0 122 0 1 0 0 0 0 0 0.0000 0 0 0 
            0 0 1 0 0 0 0 0.0000 0 0 0 0 0  N 0 0.0000 0 0.0 0 0 0.0000 0.000000 
            0 0.0000 0.0000 0.0000 ;
          357 96878000 151176000 0 0 0 0 0.0 121 0 1 0 0 0 0 0 0.0000 0 0 0 
            0 0 1 0 0 0 0 0.0000 0 0 0 0 0  N 0 0.0000 0 0.0 0 0 0.0000 0.000000 
            0 0.0000 0.0000 0.0000 ;
          358 141710000 70226000 0 0 0 0 0.0 122 0 1 0 0 0 0 0 0.0000 0 0 0 
            0 0 1 0 0 0 0 0.0000 0 0 0 0 0  N 0 0.0000 0 0.0 0 0 0.0000 0.000000 
            0 0.0000 0.0000 0.0000 ;
          359 149611000 86735000 0 0 0 0 0.0 128 0 1 0 0 0 0 0 0.0000 0 0 0 
            0 0 1 0 0 0 0 0.0000 0 0 0 0 0  N 0 0.0000 0 0.0 0 0 0.0000 0.000000 
            0 0.0000 0.0000 0.0000 ;
          360 89555000 150354000 0 0 0 0 0.0 124 0 1 0 0 0 0 0 0.0000 0 0 0 
            0 0 1 0 0 0 0 0.0000 0 0 0 0 0  N 0 0.0000 0 0.0 0 0 0.0000 0.000000 
            0 0.0000 0.0000 0.0000 ;
          361 48783000 99888000 0 0 0 0 0.0 123 0 1 0 0 0 0 0 0.0000 0 0 0 
            0 0 1 0 0 0 0 0.0000 0 0 0 0 0  N 0 0.0000 0 0.0 0 0 0.0000 0.000000 
            0 0.0000 0.0000 0.0000 ;
          362 149481000 86036000 0 0 0 0 0.0 124 0 1 0 0 0 0 0 0.0000 0 0 0 
            0 0 1 0 0 0 0 0.0000 0 0 0 0 0  N 0 0.0000 0 0.0 0 0 0.0000 0.000000 
            0 0.0000 0.0000 0.0000 ;
          363 49115000 107172000 0 0 0 0 0.0 127 0 1 0 0 0 0 0 0.0000 0 0 0 
            0 0 1 0 0 0 0 0.0000 0 0 0 0 0  N 0 0.0000 0 0.0 0 0 0.0000 0.000000 
            0 0.0000 0.0000 0.0000 ;
          364 105935000 48602000 0 0 0 0 0.0 121 0 1 0 0 0 0 0 0.0000 0 0 0 
            0 0 1 0 0 0 0 0.0000 0 0 0 0 0  N 0 0.0000 0 0.0 0 0 0.0000 0.000000 
            0 0.0000 0.0000 0.0000 ;
          365 112897000 49939000 0 0 0 0 0.0 129 0 1 0 0 0 0 0 0.0000 0 0 0 
            0 0 1 0 0 0 0 0.0000 0 0 0 0 0  N 0 0.0000 0 0.0 0 0 0.0000 0.000000 
            0 0.0000 0.0000 0.0000 ;
          366 138013000 64682000 0 0 0 0 0.0 127 0 1 0 0 0 0 0 0.0000 0 0 0 
            0 0 1 0 0 0 0 0.0000 0 0 0 0 0  N 0 0.0000 0 0.0 0 0 0.0000 0.000000 
            0 0.0000 0.0000 0.0000 ;
          367 60459000 133790000 0 0 0 0 0.0 122 0 1 0 0 0 0 0 0.0000 0 0 0 
            0 0 1 0 0 0 0 0.0000 0 0 0 0 0  N 0 0.0000 0 0.0 0 0 0.0000 0.000000 
            0 0.0000 0.0000 0.0000 ;
          368 94549000 152252000 0 0 0 0 0.0 130 0 1 0 0 0 0 0 0.0000 0 0 0 
            0 0 1 0 0 0 0 0.0000 0 0 0 0 0  N 0 0.0000 0 0.0 0 0 0.0000 0.000000 
            0 0.0000 0.0000 0.0000 ;
          369 47509000 97139000 0 0 0 0 0.0 121 0 1 0 0 0 0 0 0.0000 0 0 0 
            0 0 1 0 0 0 0 0.0000 0 0 0 0 0  N 0 0.0000 0 0.0 0 0 0.0000 0.000000 
            0 0.0000 0.0000 0.0000 ;
          370 115461000 49631000 0 0 0 0 0.0 125 0 1 0 0 0 0 0 0.0000 0 0 0 
            0 0 1 0 0 0 0 0.0000 0 0 0 0 0  N 0 0.0000 0 0.0 0 0 0.0000 0.000000 
            0 0.0000 0.0000 0.0000 ;
          371 133266000 59117000 0 0 0 0 0.0 172 0 1 0 100 0 0 0 0.0000 0 0 
            0 0 0 1 0 0 0 0 0.0000 0 0 0 0 0  N 0 0.0000 0 0.0 0 0 0.0000 0.000000 
            0 0.0000 0.0000 0.0000 ;
          372 151802000 89309000 0 0 0 0 0.0 122 0 1 0 0 0 0 0 0.0000 0 0 0 
            0 0 1 0 0 0 0 0.0000 0 0 0 0 0  N 0 0.0000 0 0.0 0 0 0.0000 0.000000 
            0 0.0000 0.0000 0.0000 ;
          373 94065000 152629000 0 0 0 0 0.0 126 0 1 0 0 0 0 0 0.0000 0 0 0 
            0 0 1 0 0 0 0 0.0000 0 0 0 0 0  N 0 0.0000 0 0.0 0 0 0.0000 0.000000 
            0 0.0000 0.0000 0.0000 ;
          374 150653000 84398000 0 0 0 0 0.0 160 0 1 0 100 0 0 0 0.0000 0 0 
            0 0 0 1 0 0 0 0 0.0000 0 0 0 0 0  N 0 0.0000 0 0.0 0 0 0.0000 0.000000 
            0 0.0000 0.0000 0.0000 ;
          375 148265000 122423000 0 0 0 0 0.0 134 0 1 0 0 0 0 0 0.0000 0 0 
            0 0 0 1 0 0 0 0 0.0000 0 0 0 0 0  N 0 0.0000 0 0.0 0 0 0.0000 0.000000 
            0 0.0000 0.0000 0.0000 ;
          376 151312000 85136000 0 0 0 0 0.0 124 0 1 0 0 0 0 0 0.0000 0 0 0 
            0 0 1 0 0 0 0 0.0000 0 0 0 0 0  N 0 0.0000 0 0.0 0 0 0.0000 0.000000 
            0 0.0000 0.0000 0.0000 ;
          377 60041000 135311000 0 0 0 0 0.0 120 0 1 0 0 0 0 0 0.0000 0 0 0 
            0 0 1 0 0 0 0 0.0000 0 0 0 0 0  N 0 0.0000 0 0.0 0 0 0.0000 0.000000 
            0 0.0000 0.0000 0.0000 ;
          378 141968000 133442000 0 0 0 0 0.0 123 0 1 0 0 0 0 0 0.0000 0 0 
            0 0 0 1 0 0 0 0 0.0000 0 0 0 0 0  N 0 0.0000 0 0.0 0 0 0.0000 0.000000 
            0 0.0000 0.0000 0.0000 ;
          379 46666000 103441000 0 0 0 0 0.0 123 0 1 0 0 0 0 0 0.0000 0 0 0 
            0 0 1 0 0 0 0 0.0000 0 0 0 0 0  N 0 0.0000 0 0.0 0 0 0.0000 0.000000 
            0 0.0000 0.0000 0.0000 ;
          380 133446000 142197000 0 0 0 0 0.0 127 0 1 0 0 0 0 0 0.0000 0 0 
            0 0 0 1 0 0 0 0 0.0000 0 0 0 0 0  N 0 0.0000 0 0.0 0 0 0.0000 0.000000 
            0 0.0000 0.0000 0.0000 ;
          381 103528000 46505000 0 0 0 0 0.0 120 0 1 0 0 0 0 0 0.0000 0 0 0 
            0 0 1 0 0 0 0 0.0000 0 0 0 0 0  N 0 0.0000 0 0.0 0 0 0.0000 0.000000 
            0 0.0000 0.0000 0.0000 ;
          382 149433000 121699000 0 0 0 0 0.0 125 0 1 0 0 0 0 0 0.0000 0 0 
            0 0 0 1 0 0 0 0 0.0000 0 0 0 0 0  N 0 0.0000 0 0.0 0 0 0.0000 0.000000 
            0 0.0000 0.0000 0.0000 ;
          383 114299000 152484000 0 0 0 0 0.0 126 0 1 0 0 0 0 0 0.0000 0 0 
            0 0 0 1 0 0 0 0 0.0000 0 0 0 0 0  N 0 0.0000 0 0.0 0 0 0.0000 0.000000 
            0 0.0000 0.0000 0.0000 ;
          384 54765000 129850000 0 0 0 0 0.0 157 0 1 0 100 0 0 0 0.0000 0 0 
            0 0 0 1 0 0 0 0 0.0000 0 0 0 0 0  N 0 0.0000 0 0.0 0 0 0.0000 0.000000 
            0 0.0000 0.0000 0.0000 ;
          385 118997000 49025000 0 0 0 0 0.0 120 0 1 0 0 0 0 0 0.0000 0 0 0 
            0 0 1 0 0 0 0 0.0000 0 0 0 0 0  N 0 0.0000 0 0.0 0 0 0.0000 0.000000 
            0 0.0000 0.0000 0.0000 ;
          386 145943000 70729000 0 0 0 0 0.0 120 0 1 0 0 0 0 0 0.0000 0 0 0 
            0 0 1 0 0 0 0 0.0000 0 0 0 0 0  N 0 0.0000 0 0.0 0 0 0.0000 0.000000 
            0 0.0000 0.0000 0.0000 ;
          387 82865000 48287000 0 0 0 0 0.0 120 0 1 0 0 0 0 0 0.0000 0 0 0 
            0 0 1 0 0 0 0 0.0000 0 0 0 0 0  N 0 0.0000 0 0.0 0 0 0.0000 0.000000 
            0 0.0000 0.0000 0.0000 ;
          388 101279000 45541000 0 0 0 0 0.0 126 0 1 0 0 0 0 0 0.0000 0 0 0 
            0 0 1 0 0 0 0 0.0000 0 0 0 0 0  N 0 0.0000 0 0.0 0 0 0.0000 0.000000 
            0 0.0000 0.0000 0.0000 ;
          389 150313000 78524000 0 0 0 0 0.0 124 0 1 0 0 0 0 0 0.0000 0 0 0 
            0 0 1 0 0 0 0 0.0000 0 0 0 0 0  N 0 0.0000 0 0.0 0 0 0.0000 0.000000 
            0 0.0000 0.0000 0.0000 ;
          390 120869000 150654000 0 0 0 0 0.0 125 0 1 0 0 0 0 0 0.0000 0 0 
            0 0 0 1 0 0 0 0 0.0000 0 0 0 0 0  N 0 0.0000 0 0.0 0 0 0.0000 0.000000 
            0 0.0000 0.0000 0.0000 ;
          391 55129000 131598000 0 0 0 0 0.0 128 0 1 0 0 0 0 0 0.0000 0 0 0 
            0 0 1 0 0 0 0 0.0000 0 0 0 0 0  N 0 0.0000 0 0.0 0 0 0.0000 0.000000 
            0 0.0000 0.0000 0.0000 ;
          392 48467000 118573000 0 0 0 0 0.0 122 0 1 0 0 0 0 0 0.0000 0 0 0 
            0 0 1 0 0 0 0 0.0000 0 0 0 0 0  N 0 0.0000 0 0.0 0 0 0.0000 0.000000 
            0 0.0000 0.0000 0.0000 ;
          393 125948000 148729000 0 0 0 0 0.0 120 0 1 0 0 0 0 0 0.0000 0 0 
            0 0 0 1 0 0 0 0 0.0000 0 0 0 0 0  N 0 0.0000 0 0.0 0 0 0.0000 0.000000 
            0 0.0000 0.0000 0.0000 ;
          394 145185000 131963000 0 0 0 0 0.0 129 0 1 0 0 0 0 0 0.0000 0 0 
            0 0 0 1 0 0 0 0 0.0000 0 0 0 0 0  N 0 0.0000 0 0.0 0 0 0.0000 0.000000 
            0 0.0000 0.0000 0.0000 ;
          395 63294000 58934000 0 0 0 0 0.0 126 0 1 0 0 0 0 0 0.0000 0 0 0 
            0 0 1 0 0 0 0 0.0000 0 0 0 0 0  N 0 0.0000 0 0.0 0 0 0.0000 0.000000 
            0 0.0000 0.0000 0.0000 ;
          396 109229000 45621000 0 0 0 0 0.0 120 0 1 0 0 0 0 0 0.0000 0 0 0 
            0 0 1 0 0 0 0 0.0000 0 0 0 0 0  N 0 0.0000 0 0.0 0 0 0.0000 0.000000 
            0 0.0000 0.0000 0.0000 ;
          397 140531000 62033000 0 0 0 0 0.0 122 0 1 0 0 0 0 0 0.0000 0 0 0 
            0 0 1 0 0 0 0 0.0000 0 0 0 0 0  N 0 0.0000 0 0.0 0 0 0.0000 0.000000 
            0 0.0000 0.0000 0.0000 ;
          398 59561000 62138000 0 0 0 0 0.0 120 0 1 0 0 0 0 0 0.0000 0 0 0 
            0 0 1 0 0 0 0 0.0000 0 0 0 0 0  N 0 0.0000 0 0.0 0 0 0.0000 0.000000 
            0 0.0000 0.0000 0.0000 ;
          399 65764000 56358000 0 0 0 0 0.0 158 0 1 0 100 0 0 0 0.0000 0 0 
            0 0 0 1 0 0 0 0 0.0000 0 0 0 0 0  N 0 0.0000 0 0.0 0 0 0.0000 0.000000 
            0 0.0000 0.0000 0.0000 ;
          400 125692000 149647000 0 0 0 0 0.0 125 0 1 0 0 0 0 0 0.0000 0 0 
            0 0 0 1 0 0 0 0 0.0000 0 0 0 0 0  N 0 0.0000 0 0.0 0 0 0.0000 0.000000 
            0 0.0000 0.0000 0.0000 ;
          401 58582000 62720000 0 0 0 0 0.0 161 0 1 0 100 0 0 0 0.0000 0 0 
            0 0 0 1 0 0 0 0 0.0000 0 0 0 0 0  N 0 0.0000 0 0.0 0 0 0.0000 0.000000 
            0 0.0000 0.0000 0.0000 ;
          402 114638000 46138000 0 0 0 0 0.0 122 0 1 0 0 0 0 0 0.0000 0 0 0 
            0 0 1 0 0 0 0 0.0000 0 0 0 0 0  N 0 0.0000 0 0.0 0 0 0.0000 0.000000 
            0 0.0000 0.0000 0.0000 ;
          403 88706000 45201000 0 0 0 0 0.0 140 0 1 0 0 0 0 0 0.0000 0 0 0 
            0 0 1 0 0 0 0 0.0000 0 0 0 0 0  N 0 0.0000 0 0.0 0 0 0.0000 0.000000 
            0 0.0000 0.0000 0.0000 ;
          404 155797000 92809000 0 0 0 0 0.0 156 0 1 0 100 0 0 0 0.0000 0 0 
            0 0 0 1 0 0 0 0 0.0000 0 0 0 0 0  N 0 0.0000 0 0.0 0 0 0.0000 0.000000 
            0 0.0000 0.0000 0.0000 ;
          405 82204000 46783000 0 0 0 0 0.0 125 0 1 0 0 0 0 0 0.0000 0 0 0 
            0 0 1 0 0 0 0 0.0000 0 0 0 0 0  N 0 0.0000 0 0.0 0 0 0.0000 0.000000 
            0 0.0000 0.0000 0.0000 ;
          406 154603000 114460000 0 0 0 0 0.0 121 0 1 0 0 0 0 0 0.0000 0 0 
            0 0 0 1 0 0 0 0 0.0000 0 0 0 0 0  N 0 0.0000 0 0.0 0 0 0.0000 0.000000 
            0 0.0000 0.0000 0.0000 ;
          407 43737000 102601000 0 0 0 0 0.0 126 0 1 0 0 0 0 0 0.0000 0 0 0 
            0 0 1 0 0 0 0 0.0000 0 0 0 0 0  N 0 0.0000 0 0.0 0 0 0.0000 0.000000 
            0 0.0000 0.0000 0.0000 ;
          408 139776000 59970000 0 0 0 0 0.0 127 0 1 0 0 0 0 0 0.0000 0 0 0 
            0 0 1 0 0 0 0 0.0000 0 0 0 0 0  N 0 0.0000 0 0.0 0 0 0.0000 0.000000 
            0 0.0000 0.0000 0.0000 ;
          409 154844000 86153000 0 0 0 0 0.0 132 0 1 0 0 0 0 0 0.0000 0 0 0 
            0 0 1 0 0 0 0 0.0000 0 0 0 0 0  N 0 0.0000 0 0.0 0 0 0.0000 0.000000 
            0 0.0000 0.0000 0.0000 ;
          410 47549000 78971000 0 0 0 0 0.0 135 0 1 0 0 0 0 0 0.0000 0 0 0 
            0 0 1 0 0 0 0 0.0000 0 0 0 0 0  N 0 0.0000 0 0.0 0 0 0.0000 0.000000 
            0 0.0000 0.0000 0.0000 ;
          411 122611000 48101000 0 0 0 0 0.0 130 0 1 0 0 0 0 0 0.0000 0 0 0 
            0 0 1 0 0 0 0 0.0000 0 0 0 0 0  N 0 0.0000 0 0.0 0 0 0.0000 0.000000 
            0 0.0000 0.0000 0.0000 ;
          412 61400000 58646000 0 0 0 0 0.0 122 0 1 0 0 0 0 0 0.0000 0 0 0 
            0 0 1 0 0 0 0 0.0000 0 0 0 0 0  N 0 0.0000 0 0.0 0 0 0.0000 0.000000 
            0 0.0000 0.0000 0.0000 ;
          413 119544000 153537000 0 0 0 0 0.0 123 0 1 0 0 0 0 0 0.0000 0 0 
            0 0 0 1 0 0 0 0 0.0000 0 0 0 0 0  N 0 0.0000 0 0.0 0 0 0.0000 0.000000 
            0 0.0000 0.0000 0.0000 ;
          414 82990000 45732000 0 0 0 0 0.0 127 0 1 0 0 0 0 0 0.0000 0 0 0 
            0 0 1 0 0 0 0 0.0000 0 0 0 0 0  N 0 0.0000 0 0.0 0 0 0.0000 0.000000 
            0 0.0000 0.0000 0.0000 ;
          415 143402000 63058000 0 0 0 0 0.0 121 0 1 0 0 0 0 0 0.0000 0 0 0 
            0 0 1 0 0 0 0 0.0000 0 0 0 0 0  N 0 0.0000 0 0.0 0 0 0.0000 0.000000 
            0 0.0000 0.0000 0.0000 ;
          416 154895000 84542000 0 0 0 0 0.0 136 0 1 0 0 0 0 0 0.0000 0 0 0 
            0 0 1 0 0 0 0 0.0000 0 0 0 0 0  N 0 0.0000 0 0.0 0 0 0.0000 0.000000 
            0 0.0000 0.0000 0.0000 ;
          417 64897000 55095000 0 0 0 0 0.0 124 0 1 0 0 0 0 0 0.0000 0 0 0 
            0 0 1 0 0 0 0 0.0000 0 0 0 0 0  N 0 0.0000 0 0.0 0 0 0.0000 0.000000 
            0 0.0000 0.0000 0.0000 ;
          418 42925000 101862000 0 0 0 0 0.0 164 0 1 0 0 0 0 0 0.0000 0 0 0 
            0 0 1 0 0 0 0 0.0000 0 0 0 0 0  N 0 0.0000 0 0.0 0 0 0.0000 0.000000 
            0 0.0000 0.0000 0.0000 ;
          419 145657000 65543000 0 0 0 0 0.0 131 0 1 0 0 0 0 0 0.0000 0 0 0 
            0 0 1 0 0 0 0 0.0000 0 0 0 0 0  N 0 0.0000 0 0.0 0 0 0.0000 0.000000 
            0 0.0000 0.0000 0.0000 ;
          420 43058000 105983000 0 0 0 0 0.0 136 0 1 0 0 0 0 0 0.0000 0 0 0 
            0 0 1 0 0 0 0 0.0000 0 0 0 0 0  N 0 0.0000 0 0.0 0 0 0.0000 0.000000 
            0 0.0000 0.0000 0.0000 ;
          421 147065000 133085000 0 0 0 0 0.0 132 0 1 0 0 0 0 0 0.0000 0 0 
            0 0 0 1 0 0 0 0 0.0000 0 0 0 0 0  N 0 0.0000 0 0.0 0 0 0.0000 0.000000 
            0 0.0000 0.0000 0.0000 ;
          422 141690000 139685000 0 0 0 0 0.0 138 0 1 0 0 0 0 0 0.0000 0 0 
            0 0 0 1 0 0 0 0 0.0000 0 0 0 0 0  N 0 0.0000 0 0.0 0 0 0.0000 0.000000 
            0 0.0000 0.0000 0.0000 ;
          423 131710000 148069000 0 0 0 0 0.0 141 0 1 0 0 0 0 0 0.0000 0 0 
            0 0 0 1 0 0 0 0 0.0000 0 0 0 0 0  N 0 0.0000 0 0.0 0 0 0.0000 0.000000 
            0 0.0000 0.0000 0.0000 ;
          424 68876000 51913000 0 0 0 0 0.0 156 0 1 0 100 0 0 0 0.0000 0 0 
            0 0 0 1 0 0 0 0 0.0000 0 0 0 0 0  N 0 0.0000 0 0.0 0 0 0.0000 0.000000 
            0 0.0000 0.0000 0.0000 ;
          425 135000000 54334000 0 0 0 0 0.0 123 0 1 0 0 0 0 0 0.0000 0 0 0 
            0 0 1 0 0 0 0 0.0000 0 0 0 0 0  N 0 0.0000 0 0.0 0 0 0.0000 0.000000 
            0 0.0000 0.0000 0.0000 ;
          426 118056000 154785000 0 0 0 0 0.0 131 0 1 0 0 0 0 0 0.0000 0 0 
            0 0 0 1 0 0 0 0 0.0000 0 0 0 0 0  N 0 0.0000 0 0.0 0 0 0.0000 0.000000 
            0 0.0000 0.0000 0.0000 ;
          427 90063000 43353000 0 0 0 0 0.0 162 0 1 0 100 0 0 0 0.0000 0 0 
            0 0 0 1 0 0 0 0 0.0000 0 0 0 0 0  N 0 0.0000 0 0.0 0 0 0.0000 0.000000 
            0 0.0000 0.0000 0.0000 ;
          428 43934000 113680000 0 0 0 0 0.0 124 0 1 0 0 0 0 0 0.0000 0 0 0 
            0 0 1 0 0 0 0 0.0000 0 0 0 0 0  N 0 0.0000 0 0.0 0 0 0.0000 0.000000 
            0 0.0000 0.0000 0.0000 ;
          429 43537000 88244000 0 0 0 0 0.0 120 0 1 0 0 0 0 0 0.0000 0 0 0 
            0 0 1 0 0 0 0 0.0000 0 0 0 0 0  N 0 0.0000 0 0.0 0 0 0.0000 0.000000 
            0 0.0000 0.0000 0.0000 ;
          430 82409000 45110000 0 0 0 0 0.0 132 0 1 0 0 0 0 0 0.0000 0 0 0 
            0 0 1 0 0 0 0 0.0000 0 0 0 0 0  N 0 0.0000 0 0.0 0 0 0.0000 0.000000 
            0 0.0000 0.0000 0.0000 ;
          431 153271000 123199000 0 0 0 0 0.0 124 0 1 0 0 0 0 0 0.0000 0 0 
            0 0 0 1 0 0 0 0 0.0000 0 0 0 0 0  N 0 0.0000 0 0.0 0 0 0.0000 0.000000 
            0 0.0000 0.0000 0.0000 ;
          432 79063000 154101000 0 0 0 0 0.0 122 0 1 0 0 0 0 0 0.0000 0 0 0 
            0 0 1 0 0 0 0 0.0000 0 0 0 0 0  N 0 0.0000 0 0.0 0 0 0.0000 0.000000 
            0 0.0000 0.0000 0.0000 ;
          433 47200000 76577000 0 0 0 0 0.0 125 0 1 0 0 0 0 0 0.0000 0 0 0 
            0 0 1 0 0 0 0 0.0000 0 0 0 0 0  N 0 0.0000 0 0.0 0 0 0.0000 0.000000 
            0 0.0000 0.0000 0.0000 ;
          434 125560000 152651000 0 0 0 0 0.0 122 0 1 0 0 0 0 0 0.0000 0 0 
            0 0 0 1 0 0 0 0 0.0000 0 0 0 0 0  N 0 0.0000 0 0.0 0 0 0.0000 0.000000 
            0 0.0000 0.0000 0.0000 ;
          435 98263000 158681000 0 0 0 0 0.0 120 0 1 0 0 0 0 0 0.0000 0 0 0 
            0 0 1 0 0 0 0 0.0000 0 0 0 0 0  N 0 0.0000 0 0.0 0 0 0.0000 0.000000 
            0 0.0000 0.0000 0.0000 ;
          436 50241000 131544000 0 0 0 0 0.0 120 0 1 0 0 0 0 0 0.0000 0 0 0 
            0 0 1 0 0 0 0 0.0000 0 0 0 0 0  N 0 0.0000 0 0.0 0 0 0.0000 0.000000 
            0 0.0000 0.0000 0.0000 ;
          437 86138000 42799000 0 0 0 0 0.0 130 0 1 0 0 0 0 0 0.0000 0 0 0 
            0 0 1 0 0 0 0 0.0000 0 0 0 0 0  N 0 0.0000 0 0.0 0 0 0.0000 0.000000 
            0 0.0000 0.0000 0.0000 ;
          438 120998000 44872000 0 0 0 0 0.0 124 0 1 0 0 0 0 0 0.0000 0 0 0 
            0 0 1 0 0 0 0 0.0000 0 0 0 0 0  N 0 0.0000 0 0.0 0 0 0.0000 0.000000 
            0 0.0000 0.0000 0.0000 ;
          439 44925000 78911000 0 0 0 0 0.0 134 0 1 0 0 0 0 0 0.0000 0 0 0 
            0 0 1 0 0 0 0 0.0000 0 0 0 0 0  N 0 0.0000 0 0.0 0 0 0.0000 0.000000 
            0 0.0000 0.0000 0.0000 ;
          440 155902000 80324000 0 0 0 0 0.0 122 0 1 0 0 0 0 0 0.0000 0 0 0 
            0 0 1 0 0 0 0 0.0000 0 0 0 0 0  N 0 0.0000 0 0.0 0 0 0.0000 0.000000 
            0 0.0000 0.0000 0.0000 ;
          441 149542000 67259000 0 0 0 0 0.0 122 0 1 0 0 0 0 0 0.0000 0 0 0 
            0 0 1 0 0 0 0 0.0000 0 0 0 0 0  N 0 0.0000 0 0.0 0 0 0.0000 0.000000 
            0 0.0000 0.0000 0.0000 ;
          442 158598000 110610000 0 0 0 0 0.0 122 0 1 0 0 0 0 0 0.0000 0 0 
            0 0 0 1 0 0 0 0 0.0000 0 0 0 0 0  N 0 0.0000 0 0.0 0 0 0.0000 0.000000 
            0 0.0000 0.0000 0.0000 ;
          443 134666000 148542000 0 0 0 0 0.0 126 0 1 0 0 0 0 0 0.0000 0 0 
            0 0 0 1 0 0 0 0 0.0000 0 0 0 0 0  N 0 0.0000 0 0.0 0 0 0.0000 0.000000 
            0 0.0000 0.0000 0.0000 ;
          444 56377000 140525000 0 0 0 0 0.0 122 0 1 0 0 0 0 0 0.0000 0 0 0 
            0 0 1 0 0 0 0 0.0000 0 0 0 0 0  N 0 0.0000 0 0.0 0 0 0.0000 0.000000 
            0 0.0000 0.0000 0.0000 ;
          445 156252000 120131000 0 0 0 0 0.0 123 0 1 0 0 0 0 0 0.0000 0 0 
            0 0 0 1 0 0 0 0 0.0000 0 0 0 0 0  N 0 0.0000 0 0.0 0 0 0.0000 0.000000 
            0 0.0000 0.0000 0.0000 ;
          446 71410000 152539000 0 0 0 0 0.0 138 0 1 0 0 0 0 0 0.0000 0 0 0 
            0 0 1 0 0 0 0 0.0000 0 0 0 0 0  N 0 0.0000 0 0.0 0 0 0.0000 0.000000 
            0 0.0000 0.0000 0.0000 ;
          447 159100000 90671000 0 0 0 0 0.0 159 0 1 0 0 0 0 0 0.0000 0 0 0 
            0 0 1 0 0 0 0 0.0000 0 0 0 0 0  N 0 0.0000 0 0.0 0 0 0.0000 0.000000 
            0 0.0000 0.0000 0.0000 ;
          448 54387000 138583000 0 0 0 0 0.0 123 0 1 0 0 0 0 0 0.0000 0 0 0 
            0 0 1 0 0 0 0 0.0000 0 0 0 0 0  N 0 0.0000 0 0.0 0 0 0.0000 0.000000 
            0 0.0000 0.0000 0.0000 ;
          449 41710000 87100000 0 0 0 0 0.0 126 0 1 0 0 0 0 0 0.0000 0 0 0 
            0 0 1 0 0 0 0 0.0000 0 0 0 0 0  N 0 0.0000 0 0.0 0 0 0.0000 0.000000 
            0 0.0000 0.0000 0.0000 ;
          450 46661000 73410000 0 0 0 0 0.0 126 0 1 0 0 0 0 0 0.0000 0 0 0 
            0 0 1 0 0 0 0 0.0000 0 0 0 0 0  N 0 0.0000 0 0.0 0 0 0.0000 0.000000 
            0 0.0000 0.0000 0.0000 ;
          451 50694000 134055000 0 0 0 0 0.0 127 0 1 0 0 0 0 0 0.0000 0 0 0 
            0 0 1 0 0 0 0 0.0000 0 0 0 0 0  N 0 0.0000 0 0.0 0 0 0.0000 0.000000 
            0 0.0000 0.0000 0.0000 ;
          452 126346000 46129000 0 0 0 0 0.0 129 0 1 0 0 0 0 0 0.0000 0 0 0 
            0 0 1 0 0 0 0 0.0000 0 0 0 0 0  N 0 0.0000 0 0.0 0 0 0.0000 0.000000 
            0 0.0000 0.0000 0.0000 ;
          453 146250000 138788000 0 0 0 0 0.0 124 0 1 0 0 0 0 0 0.0000 0 0 
            0 0 0 1 0 0 0 0 0.0000 0 0 0 0 0  N 0 0.0000 0 0.0 0 0 0.0000 0.000000 
            0 0.0000 0.0000 0.0000 ;
          454 108377000 40588000 0 0 0 0 0.0 126 0 1 0 0 0 0 0 0.0000 0 0 0 
            0 0 1 0 0 0 0 0.0000 0 0 0 0 0  N 0 0.0000 0 0.0 0 0 0.0000 0.000000 
            0 0.0000 0.0000 0.0000 ;
          455 123299000 44661000 0 0 0 0 0.0 137 0 1 0 0 0 0 0 0.0000 0 0 0 
            0 0 1 0 0 0 0 0.0000 0 0 0 0 0  N 0 0.0000 0 0.0 0 0 0.0000 0.000000 
            0 0.0000 0.0000 0.0000 ;
          456 102071000 39783000 0 0 0 0 0.0 160 0 1 0 100 0 0 0 0.0000 0 0 
            0 0 0 1 0 0 0 0 0.0000 0 0 0 0 0  N 0 0.0000 0 0.0 0 0 0.0000 0.000000 
            0 0.0000 0.0000 0.0000 ;
          457 112122000 40805000 0 0 0 0 0.0 132 0 1 0 0 0 0 0 0.0000 0 0 0 
            0 0 1 0 0 0 0 0.0000 0 0 0 0 0  N 0 0.0000 0 0.0 0 0 0.0000 0.000000 
            0 0.0000 0.0000 0.0000 ;
          458 39553000 103742000 0 0 0 0 0.0 130 0 1 0 0 0 0 0 0.0000 0 0 0 
            0 0 1 0 0 0 0 0.0000 0 0 0 0 0  N 0 0.0000 0 0.0 0 0 0.0000 0.000000 
            0 0.0000 0.0000 0.0000 ;
          459 97571000 39556000 0 0 0 0 0.0 121 0 1 0 0 0 0 0 0.0000 0 0 0 
            0 0 1 0 0 0 0 0.0000 0 0 0 0 0  N 0 0.0000 0 0.0 0 0 0.0000 0.000000 
            0 0.0000 0.0000 0.0000 ;
          460 158438000 83130000 0 0 0 0 0.0 122 0 1 0 0 0 0 0 0.0000 0 0 0 
            0 0 1 0 0 0 0 0.0000 0 0 0 0 0  N 0 0.0000 0 0.0 0 0 0.0000 0.000000 
            0 0.0000 0.0000 0.0000 ;
          461 87003000 159470000 0 0 0 0 0.0 121 0 1 0 0 0 0 0 0.0000 0 0 0 
            0 0 1 0 0 0 0 0.0000 0 0 0 0 0  N 0 0.0000 0 0.0 0 0 0.0000 0.000000 
            0 0.0000 0.0000 0.0000 ;
          462 68068000 151867000 0 0 0 0 0.0 120 0 1 0 0 0 0 0 0.0000 0 0 0 
            0 0 1 0 0 0 0 0.0000 0 0 0 0 0  N 0 0.0000 0 0.0 0 0 0.0000 0.000000 
            0 0.0000 0.0000 0.0000 ;
          463 46268000 128319000 0 0 0 0 0.0 120 0 1 0 0 0 0 0 0.0000 0 0 0 
            0 0 1 0 0 0 0 0.0000 0 0 0 0 0  N 0 0.0000 0 0.0 0 0 0.0000 0.000000 
            0 0.0000 0.0000 0.0000 ;
          464 84735000 41322000 0 0 0 0 0.0 145 0 1 0 0 0 0 0 0.0000 0 0 0 
            0 0 1 0 0 0 0 0.0000 0 0 0 0 0  N 0 0.0000 0 0.0 0 0 0.0000 0.000000 
            0 0.0000 0.0000 0.0000 ;
          465 153968000 128658000 0 0 0 0 0.0 120 0 1 0 0 0 0 0 0.0000 0 0 
            0 0 0 1 0 0 0 0 0.0000 0 0 0 0 0  N 0 0.0000 0 0.0 0 0 0.0000 0.000000 
            0 0.0000 0.0000 0.0000 ;
          466 161284000 103790000 0 0 0 0 0.0 122 0 1 0 0 0 0 0 0.0000 0 0 
            0 0 0 1 0 0 0 0 0.0000 0 0 0 0 0  N 0 0.0000 0 0.0 0 0 0.0000 0.000000 
            0 0.0000 0.0000 0.0000 ;
          467 158894000 117297000 0 0 0 0 0.0 133 0 1 0 0 0 0 0 0.0000 0 0 
            0 0 0 1 0 0 0 0 0.0000 0 0 0 0 0  N 0 0.0000 0 0.0 0 0 0.0000 0.000000 
            0 0.0000 0.0000 0.0000 ;
          468 155684000 125945000 0 0 0 0 0.0 127 0 1 0 0 0 0 0 0.0000 0 0 
            0 0 0 1 0 0 0 0 0.0000 0 0 0 0 0  N 0 0.0000 0 0.0 0 0 0.0000 0.000000 
            0 0.0000 0.0000 0.0000 ;
          469 134323000 49160000 0 0 0 0 0.0 128 0 1 0 0 0 0 0 0.0000 0 0 0 
            0 0 1 0 0 0 0 0.0000 0 0 0 0 0  N 0 0.0000 0 0.0 0 0 0.0000 0.000000 
            0 0.0000 0.0000 0.0000 ;
          470 40268000 114555000 0 0 0 0 0.0 156 0 1 0 100 0 0 0 0.0000 0 0 
            0 0 0 1 0 0 0 0 0.0000 0 0 0 0 0  N 0 0.0000 0 0.0 0 0 0.0000 0.000000 
            0 0.0000 0.0000 0.0000 ;
          471 130460000 153812000 0 0 0 0 0.0 155 0 1 0 100 0 0 0 0.0000 0 
            0 0 0 0 1 0 0 0 0 0.0000 0 0 0 0 0  N 0 0.0000 0 0.0 0 0 0.0000 
            0.000000 0 0.0000 0.0000 0.0000 ;
          472 48563000 134098000 0 0 0 0 0.0 131 0 1 0 0 0 0 0 0.0000 0 0 0 
            0 0 1 0 0 0 0 0.0000 0 0 0 0 0  N 0 0.0000 0 0.0 0 0 0.0000 0.000000 
            0 0.0000 0.0000 0.0000 ;
          473 49079000 64757000 0 0 0 0 0.0 125 0 1 0 0 0 0 0 0.0000 0 0 0 
            0 0 1 0 0 0 0 0.0000 0 0 0 0 0  N 0 0.0000 0 0.0 0 0 0.0000 0.000000 
            0 0.0000 0.0000 0.0000 ;
          474 92237000 38576000 0 0 0 0 0.0 126 0 1 0 0 0 0 0 0.0000 0 0 0 
            0 0 1 0 0 0 0 0.0000 0 0 0 0 0  N 0 0.0000 0 0.0 0 0 0.0000 0.000000 
            0 0.0000 0.0000 0.0000 ;
          475 119082000 159349000 0 0 0 0 0.0 133 0 1 0 0 0 0 0 0.0000 0 0 
            0 0 0 1 0 0 0 0 0.0000 0 0 0 0 0  N 0 0.0000 0 0.0 0 0 0.0000 0.000000 
            0 0.0000 0.0000 0.0000 ;
          476 73087000 44110000 0 0 0 0 0.0 123 0 1 0 0 0 0 0 0.0000 0 0 0 
            0 0 1 0 0 0 0 0.0000 0 0 0 0 0  N 0 0.0000 0 0.0 0 0 0.0000 0.000000 
            0 0.0000 0.0000 0.0000 ;
          477 101568000 37924000 0 0 0 0 0.0 126 0 1 0 0 0 0 0 0.0000 0 0 0 
            0 0 1 0 0 0 0 0.0000 0 0 0 0 0  N 0 0.0000 0 0.0 0 0 0.0000 0.000000 
            0 0.0000 0.0000 0.0000 ;
          478 122180000 41933000 0 0 0 0 0.0 125 0 1 0 0 0 0 0 0.0000 0 0 0 
            0 0 1 0 0 0 0 0.0000 0 0 0 0 0  N 0 0.0000 0 0.0 0 0 0.0000 0.000000 
            0 0.0000 0.0000 0.0000 ;
          479 142670000 145750000 0 0 0 0 0.0 123 0 1 0 0 0 0 0 0.0000 0 0 
            0 0 0 1 0 0 0 0 0.0000 0 0 0 0 0  N 0 0.0000 0 0.0 0 0 0.0000 0.000000 
            0 0.0000 0.0000 0.0000 ;
          480 109775000 161735000 0 0 0 0 0.0 132 0 1 0 0 0 0 0 0.0000 0 0 
            0 0 0 1 0 0 0 0 0.0000 0 0 0 0 0  N 0 0.0000 0 0.0 0 0 0.0000 0.000000 
            0 0.0000 0.0000 0.0000 ;
          481 98775000 37740000 0 0 0 0 0.0 139 0 1 0 0 0 0 0 0.0000 0 0 0 
            0 0 1 0 0 0 0 0.0000 0 0 0 0 0  N 0 0.0000 0 0.0 0 0 0.0000 0.000000 
            0 0.0000 0.0000 0.0000 ;
          482 113688000 39167000 0 0 0 0 0.0 120 0 1 0 0 0 0 0 0.0000 0 0 0 
            0 0 1 0 0 0 0 0.0000 0 0 0 0 0  N 0 0.0000 0 0.0 0 0 0.0000 0.000000 
            0 0.0000 0.0000 0.0000 ;
          483 162122000 91772000 0 0 0 0 0.0 144 0 1 0 0 0 0 0 0.0000 0 0 0 
            0 0 1 0 0 0 0 0.0000 0 0 0 0 0  N 0 0.0000 0 0.0 0 0 0.0000 0.000000 
            0 0.0000 0.0000 0.0000 ;
          484 44423000 128862000 0 0 0 0 0.0 135 0 1 0 0 0 0 0 0.0000 0 0 0 
            0 0 1 0 0 0 0 0.0000 0 0 0 0 0  N 0 0.0000 0 0.0 0 0 0.0000 0.000000 
            0 0.0000 0.0000 0.0000 ;
          485 68653000 45921000 0 0 0 0 0.0 121 0 1 0 0 0 0 0 0.0000 0 0 0 
            0 0 1 0 0 0 0 0.0000 0 0 0 0 0  N 0 0.0000 0 0.0 0 0 0.0000 0.000000 
            0 0.0000 0.0000 0.0000 ;
          486 152110000 64854000 0 0 0 0 0.0 120 0 1 0 0 0 0 0 0.0000 0 0 0 
            0 0 1 0 0 0 0 0.0000 0 0 0 0 0  N 0 0.0000 0 0.0 0 0 0.0000 0.000000 
            0 0.0000 0.0000 0.0000 ;
          487 39145000 84177000 0 0 0 0 0.0 127 0 1 0 0 0 0 0 0.0000 0 0 0 
            0 0 1 0 0 0 0 0.0000 0 0 0 0 0  N 0 0.0000 0 0.0 0 0 0.0000 0.000000 
            0 0.0000 0.0000 0.0000 ;
          488 41291000 77007000 0 0 0 0 0.0 125 0 1 0 0 0 0 0 0.0000 0 0 0 
            0 0 1 0 0 0 0 0.0000 0 0 0 0 0  N 0 0.0000 0 0.0 0 0 0.0000 0.000000 
            0 0.0000 0.0000 0.0000 ;
          489 149641000 60754000 0 0 0 0 0.0 129 0 1 0 0 0 0 0 0.0000 0 0 0 
            0 0 1 0 0 0 0 0.0000 0 0 0 0 0  N 0 0.0000 0 0.0 0 0 0.0000 0.000000 
            0 0.0000 0.0000 0.0000 ;
          490 38620000 116043000 0 0 0 0 0.0 136 0 1 0 0 0 0 0 0.0000 0 0 0 
            0 0 1 0 0 0 0 0.0000 0 0 0 0 0  N 0 0.0000 0 0.0 0 0 0.0000 0.000000 
            0 0.0000 0.0000 0.0000 ;
          491 36860000 107085000 0 0 0 0 0.0 126 0 1 0 0 0 0 0 0.0000 0 0 0 
            0 0 1 0 0 0 0 0.0000 0 0 0 0 0  N 0 0.0000 0 0.0 0 0 0.0000 0.000000 
            0 0.0000 0.0000 0.0000 ;
          492 89657000 37388000 0 0 0 0 0.0 125 0 1 0 0 0 0 0 0.0000 0 0 0 
            0 0 1 0 0 0 0 0.0000 0 0 0 0 0  N 0 0.0000 0 0.0 0 0 0.0000 0.000000 
            0 0.0000 0.0000 0.0000 ;
          493 60526000 149990000 0 0 0 0 0.0 155 0 1 0 100 0 0 0 0.0000 0 0 
            0 0 0 1 0 0 0 0 0.0000 0 0 0 0 0  N 0 0.0000 0 0.0 0 0 0.0000 0.000000 
            0 0.0000 0.0000 0.0000 ;
          494 45051000 68021000 0 0 0 0 0.0 131 0 1 0 0 0 0 0 0.0000 0 0 0 
            0 0 1 0 0 0 0 0.0000 0 0 0 0 0  N 0 0.0000 0 0.0 0 0 0.0000 0.000000 
            0 0.0000 0.0000 0.0000 ;
          495 121112000 160375000 0 0 0 0 0.0 125 0 1 0 0 0 0 0 0.0000 0 0 
            0 0 0 1 0 0 0 0 0.0000 0 0 0 0 0  N 0 0.0000 0 0.0 0 0 0.0000 0.000000 
            0 0.0000 0.0000 0.0000 ;
          496 36716000 91912000 0 0 0 0 0.0 128 0 1 0 0 0 0 0 0.0000 0 0 0 
            0 0 1 0 0 0 0 0.0000 0 0 0 0 0  N 0 0.0000 0 0.0 0 0 0.0000 0.000000 
            0 0.0000 0.0000 0.0000 ;
          497 93611000 36537000 0 0 0 0 0.0 122 0 1 0 0 0 0 0 0.0000 0 0 0 
            0 0 1 0 0 0 0 0.0000 0 0 0 0 0  N 0 0.0000 0 0.0 0 0 0.0000 0.000000 
            0 0.0000 0.0000 0.0000 ;
          498 164257000 104498000 0 0 0 0 0.0 131 0 1 0 0 0 0 0 0.0000 0 0 
            0 0 0 1 0 0 0 0 0.0000 0 0 0 0 0  N 0 0.0000 0 0.0 0 0 0.0000 0.000000 
            0 0.0000 0.0000 0.0000 ;
          499 52668000 143606000 0 0 0 0 0.0 125 0 1 0 0 0 0 0 0.0000 0 0 0 
            0 0 1 0 0 0 0 0.0000 0 0 0 0 0  N 0 0.0000 0 0.0 0 0 0.0000 0.000000 
            0 0.0000 0.0000 0.0000 ;
          500 95912000 35841000 0 0 0 0 0.0 126 0 1 0 0 0 0 0 0.0000 0 0 0 
            0 0 1 0 0 0 0 0.0000 0 0 0 0 0  N 0 0.0000 0 0.0 0 0 0.0000 0.000000 
            0 0.0000 0.0000 0.0000 ;
          501 102524000 164729000 0 0 0 0 0.0 125 0 1 0 0 0 0 0 0.0000 0 0 
            0 0 0 1 0 0 0 0 0.0000 0 0 0 0 0  N 0 0.0000 0 0.0 0 0 0.0000 0.000000 
            0 0.0000 0.0000 0.0000 ;
          502 95728000 164515000 0 0 0 0 0.0 134 0 1 0 0 0 0 0 0.0000 0 0 0 
            0 0 1 0 0 0 0 0.0000 0 0 0 0 0  N 0 0.0000 0 0.0 0 0 0.0000 0.000000 
            0 0.0000 0.0000 0.0000 ;
          503 92667000 164274000 0 0 0 0 0.0 128 0 1 0 0 0 0 0 0.0000 0 0 0 
            0 0 1 0 0 0 0 0.0000 0 0 0 0 0  N 0 0.0000 0 0.0 0 0 0.0000 0.000000 
            0 0.0000 0.0000 0.0000 ;
          504 51515000 142923000 0 0 0 0 0.0 120 0 1 0 0 0 0 0 0.0000 0 0 0 
            0 0 1 0 0 0 0 0.0000 0 0 0 0 0  N 0 0.0000 0 0.0 0 0 0.0000 0.000000 
            0 0.0000 0.0000 0.0000 ;
          505 81466000 38028000 0 0 0 0 0.0 123 0 1 0 0 0 0 0 0.0000 0 0 0 
            0 0 1 0 0 0 0 0.0000 0 0 0 0 0  N 0 0.0000 0 0.0 0 0 0.0000 0.000000 
            0 0.0000 0.0000 0.0000 ;
          506 37232000 116472000 0 0 0 0 0.0 131 0 1 0 0 0 0 0 0.0000 0 0 0 
            0 0 1 0 0 0 0 0.0000 0 0 0 0 0  N 0 0.0000 0 0.0 0 0 0.0000 0.000000 
            0 0.0000 0.0000 0.0000 ;
          507 127889000 41416000 0 0 0 0 0.0 133 0 1 0 0 0 0 0 0.0000 0 0 0 
            0 0 1 0 0 0 0 0.0000 0 0 0 0 0  N 0 0.0000 0 0.0 0 0 0.0000 0.000000 
            0 0.0000 0.0000 0.0000 ;
          508 132692000 43685000 0 0 0 0 0.0 132 0 1 0 0 0 0 0 0.0000 0 0 0 
            0 0 1 0 0 0 0 0.0000 0 0 0 0 0  N 0 0.0000 0 0.0 0 0 0.0000 0.000000 
            0 0.0000 0.0000 0.0000 ;
          509 163654000 85894000 0 0 0 0 0.0 155 0 1 0 100 0 0 0 0.0000 0 0 
            0 0 0 1 0 0 0 0 0.0000 0 0 0 0 0  N 0 0.0000 0 0.0 0 0 0.0000 0.000000 
            0 0.0000 0.0000 0.0000 ;
          510 163796000 86393000 0 0 0 0 0.0 159 0 1 0 100 0 0 0 0.0000 0 0 
            0 0 0 1 0 0 0 0 0.0000 0 0 0 0 0  N 0 0.0000 0 0.0 0 0 0.0000 0.000000 
            0 0.0000 0.0000 0.0000 ;
          511 148315000 56078000 0 0 0 0 0.0 131 0 1 0 0 0 0 0 0.0000 0 0 0 
            0 0 1 0 0 0 0 0.0000 0 0 0 0 0  N 0 0.0000 0 0.0 0 0 0.0000 0.000000 
            0 0.0000 0.0000 0.0000 ;
          512 130086000 158276000 0 0 0 0 0.0 121 0 1 0 0 0 0 0 0.0000 0 0 
            0 0 0 1 0 0 0 0 0.0000 0 0 0 0 0  N 0 0.0000 0 0.0 0 0 0.0000 0.000000 
            0 0.0000 0.0000 0.0000 ;
          513 99636000 165625000 0 0 0 0 0.0 141 0 1 0 0 0 0 0 0.0000 0 0 0 
            0 0 1 0 0 0 0 0.0000 0 0 0 0 0  N 0 0.0000 0 0.0 0 0 0.0000 0.000000 
            0 0.0000 0.0000 0.0000 ;
          514 93402000 165208000 0 0 0 0 0.0 126 0 1 0 0 0 0 0 0.0000 0 0 0 
            0 0 1 0 0 0 0 0.0000 0 0 0 0 0  N 0 0.0000 0 0.0 0 0 0.0000 0.000000 
            0 0.0000 0.0000 0.0000 ;
          515 143489000 149340000 0 0 0 0 0.0 120 0 1 0 0 0 0 0 0.0000 0 0 
            0 0 0 1 0 0 0 0 0.0000 0 0 0 0 0  N 0 0.0000 0 0.0 0 0 0.0000 0.000000 
            0 0.0000 0.0000 0.0000 ;
          516 34983000 92896000 0 0 0 0 0.0 138 0 1 0 0 0 0 0 0.0000 0 0 0 
            0 0 1 0 0 0 0 0.0000 0 0 0 0 0  N 0 0.0000 0 0.0 0 0 0.0000 0.000000 
            0 0.0000 0.0000 0.0000 ;
          517 83529000 36553000 0 0 0 0 0.0 122 0 1 0 0 0 0 0 0.0000 0 0 0 
            0 0 1 0 0 0 0 0.0000 0 0 0 0 0  N 0 0.0000 0 0.0 0 0 0.0000 0.000000 
            0 0.0000 0.0000 0.0000 ;
          518 90259000 35146000 0 0 0 0 0.0 124 0 1 0 0 0 0 0 0.0000 0 0 0 
            0 0 1 0 0 0 0 0.0000 0 0 0 0 0  N 0 0.0000 0 0.0 0 0 0.0000 0.000000 
            0 0.0000 0.0000 0.0000 ;
          519 132127000 42626000 0 0 0 0 0.0 126 0 1 0 0 0 0 0 0.0000 0 0 0 
            0 0 1 0 0 0 0 0.0000 0 0 0 0 0  N 0 0.0000 0 0.0 0 0 0.0000 0.000000 
            0 0.0000 0.0000 0.0000 ;
          520 111222000 165120000 0 0 0 0 0.0 121 0 1 0 0 0 0 0 0.0000 0 0 
            0 0 0 1 0 0 0 0 0.0000 0 0 0 0 0  N 0 0.0000 0 0.0 0 0 0.0000 0.000000 
            0 0.0000 0.0000 0.0000 ;
          521 90990000 165504000 0 0 0 0 0.0 126 0 1 0 0 0 0 0 0.0000 0 0 0 
            0 0 1 0 0 0 0 0.0000 0 0 0 0 0  N 0 0.0000 0 0.0 0 0 0.0000 0.000000 
            0 0.0000 0.0000 0.0000 ;
          522 62254000 45896000 0 0 0 0 0.0 126 0 1 0 0 0 0 0 0.0000 0 0 0 
            0 0 1 0 0 0 0 0.0000 0 0 0 0 0  N 0 0.0000 0 0.0 0 0 0.0000 0.000000 
            0 0.0000 0.0000 0.0000 ;
          523 124203000 38446000 0 0 0 0 0.0 132 0 1 0 0 0 0 0 0.0000 0 0 0 
            0 0 1 0 0 0 0 0.0000 0 0 0 0 0  N 0 0.0000 0 0.0 0 0 0.0000 0.000000 
            0 0.0000 0.0000 0.0000 ;
          524 93940000 166119000 0 0 0 0 0.0 142 0 1 0 0 0 0 0 0.0000 0 0 0 
            0 0 1 0 0 0 0 0.0000 0 0 0 0 0  N 0 0.0000 0 0.0 0 0 0.0000 0.000000 
            0 0.0000 0.0000 0.0000 ;
          525 110091000 34635000 0 0 0 0 0.0 128 0 1 0 0 0 0 0 0.0000 0 0 0 
            0 0 1 0 0 0 0 0.0000 0 0 0 0 0  N 0 0.0000 0 0.0 0 0 0.0000 0.000000 
            0 0.0000 0.0000 0.0000 ;
          526 156435000 135216000 0 0 0 0 0.0 127 0 1 0 0 0 0 0 0.0000 0 0 
            0 0 0 1 0 0 0 0 0.0000 0 0 0 0 0  N 0 0.0000 0 0.0 0 0 0.0000 0.000000 
            0 0.0000 0.0000 0.0000 ;
          527 98550000 166638000 0 0 0 0 0.0 124 0 1 0 0 0 0 0 0.0000 0 0 0 
            0 0 1 0 0 0 0 0.0000 0 0 0 0 0  N 0 0.0000 0 0.0 0 0 0.0000 0.000000 
            0 0.0000 0.0000 0.0000 ;
          528 81007000 163800000 0 0 0 0 0.0 121 0 1 0 0 0 0 0 0.0000 0 0 0 
            0 0 1 0 0 0 0 0.0000 0 0 0 0 0  N 0 0.0000 0 0.0 0 0 0.0000 0.000000 
            0 0.0000 0.0000 0.0000 ;
          529 42861000 66384000 0 0 0 0 0.0 120 0 1 0 0 0 0 0 0.0000 0 0 0 
            0 0 1 0 0 0 0 0.0000 0 0 0 0 0  N 0 0.0000 0 0.0 0 0 0.0000 0.000000 
            0 0.0000 0.0000 0.0000 ;
          530 147520000 53433000 0 0 0 0 0.0 122 0 1 0 0 0 0 0 0.0000 0 0 0 
            0 0 1 0 0 0 0 0.0000 0 0 0 0 0  N 0 0.0000 0 0.0 0 0 0.0000 0.000000 
            0 0.0000 0.0000 0.0000 ;
          531 46425000 139581000 0 0 0 0 0.0 123 0 1 0 0 0 0 0 0.0000 0 0 0 
            0 0 1 0 0 0 0 0.0000 0 0 0 0 0  N 0 0.0000 0 0.0 0 0 0.0000 0.000000 
            0 0.0000 0.0000 0.0000 ;
          532 72356000 160878000 0 0 0 0 0.0 133 0 1 0 0 0 0 0 0.0000 0 0 0 
            0 0 1 0 0 0 0 0.0000 0 0 0 0 0  N 0 0.0000 0 0.0 0 0 0.0000 0.000000 
            0 0.0000 0.0000 0.0000 ;
          533 130860000 40820000 0 0 0 0 0.0 120 0 1 0 0 0 0 0 0.0000 0 0 0 
            0 0 1 0 0 0 0 0.0000 0 0 0 0 0  N 0 0.0000 0 0.0 0 0 0.0000 0.000000 
            0 0.0000 0.0000 0.0000 ;
          534 165590000 114089000 0 0 0 0 0.0 122 0 1 0 0 0 0 0 0.0000 0 0 
            0 0 0 1 0 0 0 0 0.0000 0 0 0 0 0  N 0 0.0000 0 0.0 0 0 0.0000 0.000000 
            0 0.0000 0.0000 0.0000 ;
          535 162086000 125437000 0 0 0 0 0.0 164 0 1 0 100 0 0 0 0.0000 0 
            0 0 0 0 1 0 0 0 0 0.0000 0 0 0 0 0  N 0 0.0000 0 0.0 0 0 0.0000 
            0.000000 0 0.0000 0.0000 0.0000 ;
          536 46358000 139980000 0 0 0 0 0.0 122 0 1 0 0 0 0 0 0.0000 0 0 0 
            0 0 1 0 0 0 0 0.0000 0 0 0 0 0  N 0 0.0000 0 0.0 0 0 0.0000 0.000000 
            0 0.0000 0.0000 0.0000 ;
          537 127952000 161101000 0 0 0 0 0.0 123 0 1 0 0 0 0 0 0.0000 0 0 
            0 0 0 1 0 0 0 0 0.0000 0 0 0 0 0  N 0 0.0000 0 0.0 0 0 0.0000 0.000000 
            0 0.0000 0.0000 0.0000 ;
          538 66486000 42080000 0 0 0 0 0.0 120 0 1 0 0 0 0 0 0.0000 0 0 0 
            0 0 1 0 0 0 0 0.0000 0 0 0 0 0  N 0 0.0000 0 0.0 0 0 0.0000 0.000000 
            0 0.0000 0.0000 0.0000 ;
          539 144418000 49626000 0 0 0 0 0.0 121 0 1 0 0 0 0 0 0.0000 0 0 0 
            0 0 1 0 0 0 0 0.0000 0 0 0 0 0  N 0 0.0000 0 0.0 0 0 0.0000 0.000000 
            0 0.0000 0.0000 0.0000 ;
          540 158365000 133722000 0 0 0 0 0.0 130 0 1 0 0 0 0 0 0.0000 0 0 
            0 0 0 1 0 0 0 0 0.0000 0 0 0 0 0  N 0 0.0000 0 0.0 0 0 0.0000 0.000000 
            0 0.0000 0.0000 0.0000 ;
          541 142038000 152838000 0 0 0 0 0.0 123 0 1 0 0 0 0 0 0.0000 0 0 
            0 0 0 1 0 0 0 0 0.0000 0 0 0 0 0  N 0 0.0000 0 0.0 0 0 0.0000 0.000000 
            0 0.0000 0.0000 0.0000 ;
          542 143830000 151487000 0 0 0 0 0.0 127 0 1 0 0 0 0 0 0.0000 0 0 
            0 0 0 1 0 0 0 0 0.0000 0 0 0 0 0  N 0 0.0000 0 0.0 0 0 0.0000 0.000000 
            0 0.0000 0.0000 0.0000 ;
          543 63368000 156751000 0 0 0 0 0.0 172 0 1 0 100 0 0 0 0.0000 0 0 
            0 0 0 1 0 0 0 0 0.0000 0 0 0 0 0  N 0 0.0000 0 0.0 0 0 0.0000 0.000000 
            0 0.0000 0.0000 0.0000 ;
          544 151322000 56109000 0 0 0 0 0.0 123 0 1 0 0 0 0 0 0.0000 0 0 0 
            0 0 1 0 0 0 0 0.0000 0 0 0 0 0  N 0 0.0000 0 0.0 0 0 0.0000 0.000000 
            0 0.0000 0.0000 0.0000 ;
          545 166899000 109901000 0 0 0 0 0.0 124 0 1 0 0 0 0 0 0.0000 0 0 
            0 0 0 1 0 0 0 0 0.0000 0 0 0 0 0  N 0 0.0000 0 0.0 0 0 0.0000 0.000000 
            0 0.0000 0.0000 0.0000 ;
          546 165202000 118484000 0 0 0 0 0.0 120 0 1 0 0 0 0 0 0.0000 0 0 
            0 0 0 1 0 0 0 0 0.0000 0 0 0 0 0  N 0 0.0000 0 0.0 0 0 0.0000 0.000000 
            0 0.0000 0.0000 0.0000 ;
          547 155802000 138490000 0 0 0 0 0.0 128 0 1 0 0 0 0 0 0.0000 0 0 
            0 0 0 1 0 0 0 0 0.0000 0 0 0 0 0  N 0 0.0000 0 0.0 0 0 0.0000 0.000000 
            0 0.0000 0.0000 0.0000 ;
          548 56861000 152426000 0 0 0 0 0.0 131 0 1 0 0 0 0 0 0.0000 0 0 0 
            0 0 1 0 0 0 0 0.0000 0 0 0 0 0  N 0 0.0000 0 0.0 0 0 0.0000 0.000000 
            0 0.0000 0.0000 0.0000 ;
          549 36568000 76436000 0 0 0 0 0.0 120 0 1 0 0 0 0 0 0.0000 0 0 0 
            0 0 1 0 0 0 0 0.0000 0 0 0 0 0  N 0 0.0000 0 0.0 0 0 0.0000 0.000000 
            0 0.0000 0.0000 0.0000 ;
          550 37028000 75101000 0 0 0 0 0.0 126 0 1 0 0 0 0 0 0.0000 0 0 0 
            0 0 1 0 0 0 0 0.0000 0 0 0 0 0  N 0 0.0000 0 0.0 0 0 0.0000 0.000000 
            0 0.0000 0.0000 0.0000 ;
          551 56947000 47850000 0 0 0 0 0.0 134 0 1 0 0 0 0 0 0.0000 0 0 0 
            0 0 1 0 0 0 0 0.0000 0 0 0 0 0  N 0 0.0000 0 0.0 0 0 0.0000 0.000000 
            0 0.0000 0.0000 0.0000 ;
          552 103892000 32398000 0 0 0 0 0.0 129 0 1 0 0 0 0 0 0.0000 0 0 0 
            0 0 1 0 0 0 0 0.0000 0 0 0 0 0  N 0 0.0000 0 0.0 0 0 0.0000 0.000000 
            0 0.0000 0.0000 0.0000 ;
          553 112068000 167092000 0 0 0 0 0.0 120 0 1 0 0 0 0 0 0.0000 0 0 
            0 0 0 1 0 0 0 0 0.0000 0 0 0 0 0  N 0 0.0000 0 0.0 0 0 0.0000 0.000000 
            0 0.0000 0.0000 0.0000 ;
          554 72701000 162260000 0 0 0 0 0.0 122 0 1 0 0 0 0 0 0.0000 0 0 0 
            0 0 1 0 0 0 0 0.0000 0 0 0 0 0  N 0 0.0000 0 0.0 0 0 0.0000 0.000000 
            0 0.0000 0.0000 0.0000 ;
          555 65808000 41390000 0 0 0 0 0.0 135 0 1 0 0 0 0 0 0.0000 0 0 0 
            0 0 1 0 0 0 0 0.0000 0 0 0 0 0  N 0 0.0000 0 0.0 0 0 0.0000 0.000000 
            0 0.0000 0.0000 0.0000 ;
          556 66016000 41053000 0 0 0 0 0.0 123 0 1 0 0 0 0 0 0.0000 0 0 0 
            0 0 1 0 0 0 0 0.0000 0 0 0 0 0  N 0 0.0000 0 0.0 0 0 0.0000 0.000000 
            0 0.0000 0.0000 0.0000 ;
          557 165127000 79396000 0 0 0 0 0.0 123 0 1 0 0 0 0 0 0.0000 0 0 0 
            0 0 1 0 0 0 0 0.0000 0 0 0 0 0  N 0 0.0000 0 0.0 0 0 0.0000 0.000000 
            0 0.0000 0.0000 0.0000 ;
          558 167981000 93025000 0 0 0 0 0.0 121 0 1 0 0 0 0 0 0.0000 0 0 0 
            0 0 1 0 0 0 0 0.0000 0 0 0 0 0  N 0 0.0000 0 0.0 0 0 0.0000 0.000000 
            0 0.0000 0.0000 0.0000 ;
          559 110296000 167633000 0 0 0 0 0.0 136 0 1 0 0 0 0 0 0.0000 0 0 
            0 0 0 1 0 0 0 0 0.0000 0 0 0 0 0  N 0 0.0000 0 0.0 0 0 0.0000 0.000000 
            0 0.0000 0.0000 0.0000 ;
          560 45113000 140666000 0 0 0 0 0.0 120 0 1 0 0 0 0 0 0.0000 0 0 0 
            0 0 1 0 0 0 0 0.0000 0 0 0 0 0  N 0 0.0000 0 0.0 0 0 0.0000 0.000000 
            0 0.0000 0.0000 0.0000 ;
          561 34505000 119219000 0 0 0 0 0.0 121 0 1 0 0 0 0 0 0.0000 0 0 0 
            0 0 1 0 0 0 0 0.0000 0 0 0 0 0  N 0 0.0000 0 0.0 0 0 0.0000 0.000000 
            0 0.0000 0.0000 0.0000 ;
          562 54075000 49670000 0 0 0 0 0.0 120 0 1 0 0 0 0 0 0.0000 0 0 0 
            0 0 1 0 0 0 0 0.0000 0 0 0 0 0  N 0 0.0000 0 0.0 0 0 0.0000 0.000000 
            0 0.0000 0.0000 0.0000 ;
          563 55319000 152218000 0 0 0 0 0.0 123 0 1 0 0 0 0 0 0.0000 0 0 0 
            0 0 1 0 0 0 0 0.0000 0 0 0 0 0  N 0 0.0000 0 0.0 0 0 0.0000 0.000000 
            0 0.0000 0.0000 0.0000 ;
          564 167929000 111926000 0 0 0 0 0.0 128 0 1 0 0 0 0 0 0.0000 0 0 
            0 0 0 1 0 0 0 0 0.0000 0 0 0 0 0  N 0 0.0000 0 0.0 0 0 0.0000 0.000000 
            0 0.0000 0.0000 0.0000 ;
          565 57576000 46110000 0 0 0 0 0.0 155 0 1 0 100 0 0 0 0.0000 0 0 
            0 0 0 1 0 0 0 0 0.0000 0 0 0 0 0  N 0 0.0000 0 0.0 0 0 0.0000 0.000000 
            0 0.0000 0.0000 0.0000 ;
          566 90577000 168522000 0 0 0 0 0.0 122 0 1 0 0 0 0 0 0.0000 0 0 0 
            0 0 1 0 0 0 0 0.0000 0 0 0 0 0  N 0 0.0000 0 0.0 0 0 0.0000 0.000000 
            0 0.0000 0.0000 0.0000 ;
          567 114887000 32698000 0 0 0 0 0.0 138 0 1 0 0 0 0 0 0.0000 0 0 0 
            0 0 1 0 0 0 0 0.0000 0 0 0 0 0  N 0 0.0000 0 0.0 0 0 0.0000 0.000000 
            0 0.0000 0.0000 0.0000 ;
          568 130090000 37919000 0 0 0 0 0.0 120 0 1 0 0 0 0 0 0.0000 0 0 0 
            0 0 1 0 0 0 0 0.0000 0 0 0 0 0  N 0 0.0000 0 0.0 0 0 0.0000 0.000000 
            0 0.0000 0.0000 0.0000 ;
          569 124334000 164901000 0 0 0 0 0.0 121 0 1 0 0 0 0 0 0.0000 0 0 
            0 0 0 1 0 0 0 0 0.0000 0 0 0 0 0  N 0 0.0000 0 0.0 0 0 0.0000 0.000000 
            0 0.0000 0.0000 0.0000 ;
          570 97512000 30934000 0 0 0 0 0.0 120 0 1 0 0 0 0 0 0.0000 0 0 0 
            0 0 1 0 0 0 0 0.0000 0 0 0 0 0  N 0 0.0000 0 0.0 0 0 0.0000 0.000000 
            0 0.0000 0.0000 0.0000 ;
          571 168054000 113657000 0 0 0 0 0.0 138 0 1 0 0 0 0 0 0.0000 0 0 
            0 0 0 1 0 0 0 0 0.0000 0 0 0 0 0  N 0 0.0000 0 0.0 0 0 0.0000 0.000000 
            0 0.0000 0.0000 0.0000 ;
          572 85313000 167841000 0 0 0 0 0.0 155 0 1 0 100 0 0 0 0.0000 0 0 
            0 0 0 1 0 0 0 0 0.0000 0 0 0 0 0  N 0 0.0000 0 0.0 0 0 0.0000 0.000000 
            0 0.0000 0.0000 0.0000 ;
          573 52739000 49209000 0 0 0 0 0.0 122 0 1 0 0 0 0 0 0.0000 0 0 0 
            0 0 1 0 0 0 0 0.0000 0 0 0 0 0  N 0 0.0000 0 0.0 0 0 0.0000 0.000000 
            0 0.0000 0.0000 0.0000 ;
          574 65348000 39923000 0 0 0 0 0.0 125 0 1 0 0 0 0 0 0.0000 0 0 0 
            0 0 1 0 0 0 0 0.0000 0 0 0 0 0  N 0 0.0000 0 0.0 0 0 0.0000 0.000000 
            0 0.0000 0.0000 0.0000 ;
          575 160650000 65726000 0 0 0 0 0.0 134 0 1 0 0 0 0 0 0.0000 0 0 0 
            0 0 1 0 0 0 0 0.0000 0 0 0 0 0  N 0 0.0000 0 0.0 0 0 0.0000 0.000000 
            0 0.0000 0.0000 0.0000 ;
          576 121861000 166422000 0 0 0 0 0.0 124 0 1 0 0 0 0 0 0.0000 0 0 
            0 0 0 1 0 0 0 0 0.0000 0 0 0 0 0  N 0 0.0000 0 0.0 0 0 0.0000 0.000000 
            0 0.0000 0.0000 0.0000 ;
          577 167524000 118790000 0 0 0 0 0.0 160 0 1 0 100 0 0 0 0.0000 0 
            0 0 0 0 1 0 0 0 0 0.0000 0 0 0 0 0  N 0 0.0000 0 0.0 0 0 0.0000 
            0.000000 0 0.0000 0.0000 0.0000 ;
          578 120126000 32995000 0 0 0 0 0.0 132 0 1 0 0 0 0 0 0.0000 0 0 0 
            0 0 1 0 0 0 0 0.0000 0 0 0 0 0  N 0 0.0000 0 0.0 0 0 0.0000 0.000000 
            0 0.0000 0.0000 0.0000 ;
          579 157302000 140614000 0 0 0 0 0.0 123 0 1 0 0 0 0 0 0.0000 0 0 
            0 0 0 1 0 0 0 0 0.0000 0 0 0 0 0  N 0 0.0000 0 0.0 0 0 0.0000 0.000000 
            0 0.0000 0.0000 0.0000 ;
          580 62303000 159291000 0 0 0 0 0.0 126 0 1 0 0 0 0 0 0.0000 0 0 0 
            0 0 1 0 0 0 0 0.0000 0 0 0 0 0  N 0 0.0000 0 0.0 0 0 0.0000 0.000000 
            0 0.0000 0.0000 0.0000 ;
          581 35008000 126379000 0 0 0 0 0.0 133 0 1 0 0 0 0 0 0.0000 0 0 0 
            0 0 1 0 0 0 0 0.0000 0 0 0 0 0  N 0 0.0000 0 0.0 0 0 0.0000 0.000000 
            0 0.0000 0.0000 0.0000 ;
          582 33325000 78521000 0 0 0 0 0.0 161 0 1 0 100 0 0 0 0.0000 0 0 
            0 0 0 1 0 0 0 0 0.0000 0 0 0 0 0  N 0 0.0000 0 0.0 0 0 0.0000 0.000000 
            0 0.0000 0.0000 0.0000 ;
          583 112861000 31077000 0 0 0 0 0.0 120 0 1 0 0 0 0 0 0.0000 0 0 0 
            0 0 1 0 0 0 0 0.0000 0 0 0 0 0  N 0 0.0000 0 0.0 0 0 0.0000 0.000000 
            0 0.0000 0.0000 0.0000 ;
          584 165631000 125622000 0 0 0 0 0.0 135 0 1 0 0 0 0 0 0.0000 0 0 
            0 0 0 1 0 0 0 0 0.0000 0 0 0 0 0  N 0 0.0000 0 0.0 0 0 0.0000 0.000000 
            0 0.0000 0.0000 0.0000 ;
          585 71968000 35446000 0 0 0 0 0.0 132 0 1 0 0 0 0 0 0.0000 0 0 0 
            0 0 1 0 0 0 0 0.0000 0 0 0 0 0  N 0 0.0000 0 0.0 0 0 0.0000 0.000000 
            0 0.0000 0.0000 0.0000 ;
          586 100447000 170846000 0 0 0 0 0.0 127 0 1 0 0 0 0 0 0.0000 0 0 
            0 0 0 1 0 0 0 0 0.0000 0 0 0 0 0  N 0 0.0000 0 0.0 0 0 0.0000 0.000000 
            0 0.0000 0.0000 0.0000 ;
          587 67308000 162701000 0 0 0 0 0.0 122 0 1 0 0 0 0 0 0.0000 0 0 0 
            0 0 1 0 0 0 0 0.0000 0 0 0 0 0  N 0 0.0000 0 0.0 0 0 0.0000 0.000000 
            0 0.0000 0.0000 0.0000 ;
          588 49604000 50639000 0 0 0 0 0.0 121 0 1 0 0 0 0 0 0.0000 0 0 0 
            0 0 1 0 0 0 0 0.0000 0 0 0 0 0  N 0 0.0000 0 0.0 0 0 0.0000 0.000000 
            0 0.0000 0.0000 0.0000 ;
          589 90475000 30096000 0 0 0 0 0.0 120 0 1 0 0 0 0 0 0.0000 0 0 0 
            0 0 1 0 0 0 0 0.0000 0 0 0 0 0  N 0 0.0000 0 0.0 0 0 0.0000 0.000000 
            0 0.0000 0.0000 0.0000 ;
          590 157738000 141447000 0 0 0 0 0.0 127 0 1 0 0 0 0 0 0.0000 0 0 
            0 0 0 1 0 0 0 0 0.0000 0 0 0 0 0  N 0 0.0000 0 0.0 0 0 0.0000 0.000000 
            0 0.0000 0.0000 0.0000 ;
          591 29388000 106559000 0 0 0 0 0.0 127 0 1 0 0 0 0 0 0.0000 0 0 0 
            0 0 1 0 0 0 0 0.0000 0 0 0 0 0  N 0 0.0000 0 0.0 0 0 0.0000 0.000000 
            0 0.0000 0.0000 0.0000 ;
          592 86509000 170037000 0 0 0 0 0.0 122 0 1 0 0 0 0 0 0.0000 0 0 0 
            0 0 1 0 0 0 0 0.0000 0 0 0 0 0  N 0 0.0000 0 0.0 0 0 0.0000 0.000000 
            0 0.0000 0.0000 0.0000 ;
          593 50669000 48893000 0 0 0 0 0.0 123 0 1 0 0 0 0 0 0.0000 0 0 0 
            0 0 1 0 0 0 0 0.0000 0 0 0 0 0  N 0 0.0000 0 0.0 0 0 0.0000 0.000000 
            0 0.0000 0.0000 0.0000 ;
          594 127803000 34484000 0 0 0 0 0.0 126 0 1 0 0 0 0 0 0.0000 0 0 0 
            0 0 1 0 0 0 0 0.0000 0 0 0 0 0  N 0 0.0000 0 0.0 0 0 0.0000 0.000000 
            0 0.0000 0.0000 0.0000 ;
          595 139099000 40486000 0 0 0 0 0.0 122 0 1 0 0 0 0 0 0.0000 0 0 0 
            0 0 1 0 0 0 0 0.0000 0 0 0 0 0  N 0 0.0000 0 0.0 0 0 0.0000 0.000000 
            0 0.0000 0.0000 0.0000 ;
          596 170194000 87211000 0 0 0 0 0.0 122 0 1 0 0 0 0 0 0.0000 0 0 0 
            0 0 1 0 0 0 0 0.0000 0 0 0 0 0  N 0 0.0000 0 0.0 0 0 0.0000 0.000000 
            0 0.0000 0.0000 0.0000 ;
          597 34920000 70475000 0 0 0 0 0.0 131 0 1 0 0 0 0 0 0.0000 0 0 0 
            0 0 1 0 0 0 0 0.0000 0 0 0 0 0  N 0 0.0000 0 0.0 0 0 0.0000 0.000000 
            0 0.0000 0.0000 0.0000 ;
          598 39117000 62869000 0 0 0 0 0.0 121 0 1 0 0 0 0 0 0.0000 0 0 0 
            0 0 1 0 0 0 0 0.0000 0 0 0 0 0  N 0 0.0000 0 0.0 0 0 0.0000 0.000000 
            0 0.0000 0.0000 0.0000 ;
          599 119449000 169215000 0 0 0 0 0.0 123 0 1 0 0 0 0 0 0.0000 0 0 
            0 0 0 1 0 0 0 0 0.0000 0 0 0 0 0  N 0 0.0000 0 0.0 0 0 0.0000 0.000000 
            0 0.0000 0.0000 0.0000 ;
          600 67615000 164146000 0 0 0 0 0.0 124 0 1 0 0 0 0 0 0.0000 0 0 0 
            0 0 1 0 0 0 0 0.0000 0 0 0 0 0  N 0 0.0000 0 0.0 0 0 0.0000 0.000000 
            0 0.0000 0.0000 0.0000 ;
          601 45136000 146190000 0 0 0 0 0.0 126 0 1 0 0 0 0 0 0.0000 0 0 0 
            0 0 1 0 0 0 0 0.0000 0 0 0 0 0  N 0 0.0000 0 0.0 0 0 0.0000 0.000000 
            0 0.0000 0.0000 0.0000 ;
          602 136929000 38241000 0 0 0 0 0.0 129 0 1 0 0 0 0 0 0.0000 0 0 0 
            0 0 1 0 0 0 0 0.0000 0 0 0 0 0  N 0 0.0000 0 0.0 0 0 0.0000 0.000000 
            0 0.0000 0.0000 0.0000 ;
          603 166418000 128810000 0 0 0 0 0.0 130 0 1 0 0 0 0 0 0.0000 0 0 
            0 0 0 1 0 0 0 0 0.0000 0 0 0 0 0  N 0 0.0000 0 0.0 0 0 0.0000 0.000000 
            0 0.0000 0.0000 0.0000 ;
          604 116975000 29944000 0 0 0 0 0.0 125 0 1 0 0 0 0 0 0.0000 0 0 0 
            0 0 1 0 0 0 0 0.0000 0 0 0 0 0  N 0 0.0000 0 0.0 0 0 0.0000 0.000000 
            0 0.0000 0.0000 0.0000 ;
          605 136294000 37566000 0 0 0 0 0.0 130 0 1 0 0 0 0 0 0.0000 0 0 0 
            0 0 1 0 0 0 0 0.0000 0 0 0 0 0  N 0 0.0000 0 0.0 0 0 0.0000 0.000000 
            0 0.0000 0.0000 0.0000 ;
          606 135366000 163378000 0 0 0 0 0.0 129 0 1 0 0 0 0 0 0.0000 0 0 
            0 0 0 1 0 0 0 0 0.0000 0 0 0 0 0  N 0 0.0000 0 0.0 0 0 0.0000 0.000000 
            0 0.0000 0.0000 0.0000 ;
          607 91036000 171892000 0 0 0 0 0.0 122 0 1 0 0 0 0 0 0.0000 0 0 0 
            0 0 1 0 0 0 0 0.0000 0 0 0 0 0  N 0 0.0000 0 0.0 0 0 0.0000 0.000000 
            0 0.0000 0.0000 0.0000 ;
          608 157893000 56321000 0 0 0 0 0.0 122 0 1 0 0 0 0 0 0.0000 0 0 0 
            0 0 1 0 0 0 0 0.0000 0 0 0 0 0  N 0 0.0000 0 0.0 0 0 0.0000 0.000000 
            0 0.0000 0.0000 0.0000 ;
          609 137002000 162537000 0 0 0 0 0.0 130 0 1 0 0 0 0 0 0.0000 0 0 
            0 0 0 1 0 0 0 0 0.0000 0 0 0 0 0  N 0 0.0000 0 0.0 0 0 0.0000 0.000000 
            0 0.0000 0.0000 0.0000 ;
          610 132293000 165145000 0 0 0 0 0.0 130 0 1 0 0 0 0 0 0.0000 0 0 
            0 0 0 1 0 0 0 0 0.0000 0 0 0 0 0  N 0 0.0000 0 0.0 0 0 0.0000 0.000000 
            0 0.0000 0.0000 0.0000 ;
          611 71101000 166584000 0 0 0 0 0.0 121 0 1 0 0 0 0 0 0.0000 0 0 0 
            0 0 1 0 0 0 0 0.0000 0 0 0 0 0  N 0 0.0000 0 0.0 0 0 0.0000 0.000000 
            0 0.0000 0.0000 0.0000 ;
          612 33660000 71054000 0 0 0 0 0.0 120 0 1 0 0 0 0 0 0.0000 0 0 0 
            0 0 1 0 0 0 0 0.0000 0 0 0 0 0  N 0 0.0000 0 0.0 0 0 0.0000 0.000000 
            0 0.0000 0.0000 0.0000 ;
          613 159883000 58841000 0 0 0 0 0.0 130 0 1 0 0 0 0 0 0.0000 0 0 0 
            0 0 1 0 0 0 0 0.0000 0 0 0 0 0  N 0 0.0000 0 0.0 0 0 0.0000 0.000000 
            0 0.0000 0.0000 0.0000 ;
          614 78111000 30829000 0 0 0 0 0.0 123 0 1 0 0 0 0 0 0.0000 0 0 0 
            0 0 1 0 0 0 0 0.0000 0 0 0 0 0  N 0 0.0000 0 0.0 0 0 0.0000 0.000000 
            0 0.0000 0.0000 0.0000 ;
          615 161326000 60711000 0 0 0 0 0.0 122 0 1 0 0 0 0 0 0.0000 0 0 0 
            0 0 1 0 0 0 0 0.0000 0 0 0 0 0  N 0 0.0000 0 0.0 0 0 0.0000 0.000000 
            0 0.0000 0.0000 0.0000 ;
          616 136927000 163113000 0 0 0 0 0.0 120 0 1 0 0 0 0 0 0.0000 0 0 
            0 0 0 1 0 0 0 0 0.0000 0 0 0 0 0  N 0 0.0000 0 0.0 0 0 0.0000 0.000000 
            0 0.0000 0.0000 0.0000 ;
          617 34205000 69071000 0 0 0 0 0.0 141 0 1 0 0 0 0 0 0.0000 0 0 0 
            0 0 1 0 0 0 0 0.0000 0 0 0 0 0  N 0 0.0000 0 0.0 0 0 0.0000 0.000000 
            0 0.0000 0.0000 0.0000 ;
          618 84758000 28858000 0 0 0 0 0.0 158 0 1 0 100 0 0 0 0.0000 0 0 
            0 0 0 1 0 0 0 0 0.0000 0 0 0 0 0  N 0 0.0000 0 0.0 0 0 0.0000 0.000000 
            0 0.0000 0.0000 0.0000 ;
          619 131760000 34414000 0 0 0 0 0.0 124 0 1 0 0 0 0 0 0.0000 0 0 0 
            0 0 1 0 0 0 0 0.0000 0 0 0 0 0  N 0 0.0000 0 0.0 0 0 0.0000 0.000000 
            0 0.0000 0.0000 0.0000 ;
          620 77997000 169777000 0 0 0 0 0.0 160 0 1 0 100 0 0 0 0.0000 0 0 
            0 0 0 1 0 0 0 0 0.0000 0 0 0 0 0  N 0 0.0000 0 0.0 0 0 0.0000 0.000000 
            0 0.0000 0.0000 0.0000 ;
          621 47162000 49751000 0 0 0 0 0.0 123 0 1 0 0 0 0 0 0.0000 0 0 0 
            0 0 1 0 0 0 0 0.0000 0 0 0 0 0  N 0 0.0000 0 0.0 0 0 0.0000 0.000000 
            0 0.0000 0.0000 0.0000 ;
          622 170493000 79324000 0 0 0 0 0.0 143 0 1 0 0 0 0 0 0.0000 0 0 0 
            0 0 1 0 0 0 0 0.0000 0 0 0 0 0  N 0 0.0000 0 0.0 0 0 0.0000 0.000000 
            0 0.0000 0.0000 0.0000 ;
          623 126730000 31630000 0 0 0 0 0.0 122 0 1 0 0 0 0 0 0.0000 0 0 0 
            0 0 1 0 0 0 0 0.0000 0 0 0 0 0  N 0 0.0000 0 0.0 0 0 0.0000 0.000000 
            0 0.0000 0.0000 0.0000 ;
          624 156975000 53710000 0 0 0 0 0.0 155 0 1 0 0 0 0 0 0.0000 0 0 0 
            0 0 1 0 0 0 0 0.0000 0 0 0 0 0  N 0 0.0000 0 0.0 0 0 0.0000 0.000000 
            0 0.0000 0.0000 0.0000 ;
          625 169098000 74870000 0 0 0 0 0.0 132 0 1 0 0 0 0 0 0.0000 0 0 0 
            0 0 1 0 0 0 0 0.0000 0 0 0 0 0  N 0 0.0000 0 0.0 0 0 0.0000 0.000000 
            0 0.0000 0.0000 0.0000 ;
          626 29574000 121252000 0 0 0 0 0.0 127 0 1 0 0 0 0 0 0.0000 0 0 0 
            0 0 1 0 0 0 0 0.0000 0 0 0 0 0  N 0 0.0000 0 0.0 0 0 0.0000 0.000000 
            0 0.0000 0.0000 0.0000 ;
          627 77170000 30013000 0 0 0 0 0.0 123 0 1 0 0 0 0 0 0.0000 0 0 0 
            0 0 1 0 0 0 0 0.0000 0 0 0 0 0  N 0 0.0000 0 0.0 0 0 0.0000 0.000000 
            0 0.0000 0.0000 0.0000 ;
          628 38498000 140999000 0 0 0 0 0.0 127 0 1 0 0 0 0 0 0.0000 0 0 0 
            0 0 1 0 0 0 0 0.0000 0 0 0 0 0  N 0 0.0000 0 0.0 0 0 0.0000 0.000000 
            0 0.0000 0.0000 0.0000 ;
          629 69648000 32750000 0 0 0 0 0.0 122 0 1 0 0 0 0 0 0.0000 0 0 0 
            0 0 1 0 0 0 0 0.0000 0 0 0 0 0  N 0 0.0000 0 0.0 0 0 0.0000 0.000000 
            0 0.0000 0.0000 0.0000 ;
          630 158572000 145532000 0 0 0 0 0.0 134 0 1 0 0 0 0 0 0.0000 0 0 
            0 0 0 1 0 0 0 0 0.0000 0 0 0 0 0  N 0 0.0000 0 0.0 0 0 0.0000 0.000000 
            0 0.0000 0.0000 0.0000 ;
          631 158854000 54888000 0 0 0 0 0.0 129 0 1 0 0 0 0 0 0.0000 0 0 0 
            0 0 1 0 0 0 0 0.0000 0 0 0 0 0  N 0 0.0000 0 0.0 0 0 0.0000 0.000000 
            0 0.0000 0.0000 0.0000 ;
          632 136919000 164694000 0 0 0 0 0.0 126 0 1 0 0 0 0 0 0.0000 0 0 
            0 0 0 1 0 0 0 0 0.0000 0 0 0 0 0  N 0 0.0000 0 0.0 0 0 0.0000 0.000000 
            0 0.0000 0.0000 0.0000 ;
          633 172819000 115393000 0 0 0 0 0.0 122 0 1 0 0 0 0 0 0.0000 0 0 
            0 0 0 1 0 0 0 0 0.0000 0 0 0 0 0  N 0 0.0000 0 0.0 0 0 0.0000 0.000000 
            0 0.0000 0.0000 0.0000 ;
          634 50043000 155270000 0 0 0 0 0.0 123 0 1 0 0 0 0 0 0.0000 0 0 0 
            0 0 1 0 0 0 0 0.0000 0 0 0 0 0  N 0 0.0000 0 0.0 0 0 0.0000 0.000000 
            0 0.0000 0.0000 0.0000 ;
          635 160355000 56402000 0 0 0 0 0.0 136 0 1 0 0 0 0 0 0.0000 0 0 0 
            0 0 1 0 0 0 0 0.0000 0 0 0 0 0  N 0 0.0000 0 0.0 0 0 0.0000 0.000000 
            0 0.0000 0.0000 0.0000 ;
          636 144314000 160129000 0 0 0 0 0.0 133 0 1 0 0 0 0 0 0.0000 0 0 
            0 0 0 1 0 0 0 0 0.0000 0 0 0 0 0  N 0 0.0000 0 0.0 0 0 0.0000 0.000000 
            0 0.0000 0.0000 0.0000 ;
          637 134648000 166225000 0 0 0 0 0.0 130 0 1 0 0 0 0 0 0.0000 0 0 
            0 0 0 1 0 0 0 0 0.0000 0 0 0 0 0  N 0 0.0000 0 0.0 0 0 0.0000 0.000000 
            0 0.0000 0.0000 0.0000 ;
          638 97850000 174792000 0 0 0 0 0.0 126 0 1 0 0 0 0 0 0.0000 0 0 0 
            0 0 1 0 0 0 0 0.0000 0 0 0 0 0  N 0 0.0000 0 0.0 0 0 0.0000 0.000000 
            0 0.0000 0.0000 0.0000 ;
          639 30530000 127640000 0 0 0 0 0.0 155 0 1 0 100 0 0 0 0.0000 0 0 
            0 0 0 1 0 0 0 0 0.0000 0 0 0 0 0  N 0 0.0000 0 0.0 0 0 0.0000 0.000000 
            0 0.0000 0.0000 0.0000 ;
          640 69239000 32008000 0 0 0 0 0.0 122 0 1 0 0 0 0 0 0.0000 0 0 0 
            0 0 1 0 0 0 0 0.0000 0 0 0 0 0  N 0 0.0000 0 0.0 0 0 0.0000 0.000000 
            0 0.0000 0.0000 0.0000 ;
          641 30351000 72388000 0 0 0 0 0.0 125 0 1 0 0 0 0 0 0.0000 0 0 0 
            0 0 1 0 0 0 0 0.0000 0 0 0 0 0  N 0 0.0000 0 0.0 0 0 0.0000 0.000000 
            0 0.0000 0.0000 0.0000 ;
          642 90351000 25644000 0 0 0 0 0.0 131 0 1 0 0 0 0 0 0.0000 0 0 0 
            0 0 1 0 0 0 0 0.0000 0 0 0 0 0  N 0 0.0000 0 0.0 0 0 0.0000 0.000000 
            0 0.0000 0.0000 0.0000 ;
          643 167545000 133380000 0 0 0 0 0.0 121 0 1 0 0 0 0 0 0.0000 0 0 
            0 0 0 1 0 0 0 0 0.0000 0 0 0 0 0  N 0 0.0000 0 0.0 0 0 0.0000 0.000000 
            0 0.0000 0.0000 0.0000 ;
          644 174947000 90537000 0 0 0 0 0.0 129 0 1 0 0 0 0 0 0.0000 0 0 0 
            0 0 1 0 0 0 0 0.0000 0 0 0 0 0  N 0 0.0000 0 0.0 0 0 0.0000 0.000000 
            0 0.0000 0.0000 0.0000 ;
          645 143702000 161606000 0 0 0 0 0.0 120 0 1 0 0 0 0 0 0.0000 0 0 
            0 0 0 1 0 0 0 0 0.0000 0 0 0 0 0  N 0 0.0000 0 0.0 0 0 0.0000 0.000000 
            0 0.0000 0.0000 0.0000 ;
          646 82772000 173604000 0 0 0 0 0.0 134 0 1 0 0 0 0 0 0.0000 0 0 0 
            0 0 1 0 0 0 0 0.0000 0 0 0 0 0  N 0 0.0000 0 0.0 0 0 0.0000 0.000000 
            0 0.0000 0.0000 0.0000 ;
          647 30282000 71524000 0 0 0 0 0.0 141 0 1 0 0 0 0 0 0.0000 0 0 0 
            0 0 1 0 0 0 0 0.0000 0 0 0 0 0  N 0 0.0000 0 0.0 0 0 0.0000 0.000000 
            0 0.0000 0.0000 0.0000 ;
          648 138627000 165196000 0 0 0 0 0.0 120 0 1 0 0 0 0 0 0.0000 0 0 
            0 0 0 1 0 0 0 0 0.0000 0 0 0 0 0  N 0 0.0000 0 0.0 0 0 0.0000 0.000000 
            0 0.0000 0.0000 0.0000 ;
          649 25169000 110269000 0 0 0 0 0.0 120 0 1 0 0 0 0 0 0.0000 0 0 0 
            0 0 1 0 0 0 0 0.0000 0 0 0 0 0  N 0 0.0000 0 0.0 0 0 0.0000 0.000000 
            0 0.0000 0.0000 0.0000 ;
          650 29518000 73153000 0 0 0 0 0.0 131 0 1 0 0 0 0 0 0.0000 0 0 0 
            0 0 1 0 0 0 0 0.0000 0 0 0 0 0  N 0 0.0000 0 0.0 0 0 0.0000 0.000000 
            0 0.0000 0.0000 0.0000 ;
          651 36808000 58740000 0 0 0 0 0.0 120 0 1 0 0 0 0 0 0.0000 0 0 0 
            0 0 1 0 0 0 0 0.0000 0 0 0 0 0  N 0 0.0000 0 0.0 0 0 0.0000 0.000000 
            0 0.0000 0.0000 0.0000 ;
          652 105080000 175769000 0 0 0 0 0.0 120 0 1 0 0 0 0 0 0.0000 0 0 
            0 0 0 1 0 0 0 0 0.0000 0 0 0 0 0  N 0 0.0000 0 0.0 0 0 0.0000 0.000000 
            0 0.0000 0.0000 0.0000 ;
          653 57695000 37299000 0 0 0 0 0.0 141 0 1 0 0 0 0 0 0.0000 0 0 0 
            0 0 1 0 0 0 0 0.0000 0 0 0 0 0  N 0 0.0000 0 0.0 0 0 0.0000 0.000000 
            0 0.0000 0.0000 0.0000 ;
          654 134053000 32304000 0 0 0 0 0.0 121 0 1 0 0 0 0 0 0.0000 0 0 0 
            0 0 1 0 0 0 0 0.0000 0 0 0 0 0  N 0 0.0000 0 0.0 0 0 0.0000 0.000000 
            0 0.0000 0.0000 0.0000 ;
          655 60982000 165245000 0 0 0 0 0.0 122 0 1 0 0 0 0 0 0.0000 0 0 0 
            0 0 1 0 0 0 0 0.0000 0 0 0 0 0  N 0 0.0000 0 0.0 0 0 0.0000 0.000000 
            0 0.0000 0.0000 0.0000 ;
          656 53117000 40430000 0 0 0 0 0.0 120 0 1 0 0 0 0 0 0.0000 0 0 0 
            0 0 1 0 0 0 0 0.0000 0 0 0 0 0  N 0 0.0000 0 0.0 0 0 0.0000 0.000000 
            0 0.0000 0.0000 0.0000 ;
          657 123826000 27992000 0 0 0 0 0.0 121 0 1 0 0 0 0 0 0.0000 0 0 0 
            0 0 1 0 0 0 0 0.0000 0 0 0 0 0  N 0 0.0000 0 0.0 0 0 0.0000 0.000000 
            0 0.0000 0.0000 0.0000 ;
          658 136932000 33421000 0 0 0 0 0.0 133 0 1 0 0 0 0 0 0.0000 0 0 0 
            0 0 1 0 0 0 0 0.0000 0 0 0 0 0  N 0 0.0000 0 0.0 0 0 0.0000 0.000000 
            0 0.0000 0.0000 0.0000 ;
          659 141242000 164368000 0 0 0 0 0.0 120 0 1 0 0 0 0 0 0.0000 0 0 
            0 0 0 1 0 0 0 0 0.0000 0 0 0 0 0  N 0 0.0000 0 0.0 0 0 0.0000 0.000000 
            0 0.0000 0.0000 0.0000 ;
          660 51971000 40994000 0 0 0 0 0.0 128 0 1 0 0 0 0 0 0.0000 0 0 0 
            0 0 1 0 0 0 0 0.0000 0 0 0 0 0  N 0 0.0000 0 0.0 0 0 0.0000 0.000000 
            0 0.0000 0.0000 0.0000 ;
          661 74468000 172218000 0 0 0 0 0.0 120 0 1 0 0 0 0 0 0.0000 0 0 0 
            0 0 1 0 0 0 0 0.0000 0 0 0 0 0  N 0 0.0000 0 0.0 0 0 0.0000 0.000000 
            0 0.0000 0.0000 0.0000 ;
          662 46127000 45955000 0 0 0 0 0.0 124 0 1 0 0 0 0 0 0.0000 0 0 0 
            0 0 1 0 0 0 0 0.0000 0 0 0 0 0  N 0 0.0000 0 0.0 0 0 0.0000 0.000000 
            0 0.0000 0.0000 0.0000 ;
          663 98914000 23573000 0 0 0 0 0.0 120 0 1 0 0 0 0 0 0.0000 0 0 0 
            0 0 1 0 0 0 0 0.0000 0 0 0 0 0  N 0 0.0000 0 0.0 0 0 0.0000 0.000000 
            0 0.0000 0.0000 0.0000 ;
          664 60456000 165751000 0 0 0 0 0.0 128 0 1 0 0 0 0 0 0.0000 0 0 0 
            0 0 1 0 0 0 0 0.0000 0 0 0 0 0  N 0 0.0000 0 0.0 0 0 0.0000 0.000000 
            0 0.0000 0.0000 0.0000 ;
          665 149901000 41768000 0 0 0 0 0.0 135 0 1 0 0 0 0 0 0.0000 0 0 0 
            0 0 1 0 0 0 0 0.0000 0 0 0 0 0  N 0 0.0000 0 0.0 0 0 0.0000 0.000000 
            0 0.0000 0.0000 0.0000 ;
          666 156392000 48015000 0 0 0 0 0.0 121 0 1 0 0 0 0 0 0.0000 0 0 0 
            0 0 1 0 0 0 0 0.0000 0 0 0 0 0  N 0 0.0000 0 0.0 0 0 0.0000 0.000000 
            0 0.0000 0.0000 0.0000 ;
          667 168256000 64881000 0 0 0 0 0.0 125 0 1 0 0 0 0 0 0.0000 0 0 0 
            0 0 1 0 0 0 0 0.0000 0 0 0 0 0  N 0 0.0000 0 0.0 0 0 0.0000 0.000000 
            0 0.0000 0.0000 0.0000 ;
          668 173389000 122976000 0 0 0 0 0.0 125 0 1 0 0 0 0 0 0.0000 0 0 
            0 0 0 1 0 0 0 0 0.0000 0 0 0 0 0  N 0 0.0000 0 0.0 0 0 0.0000 0.000000 
            0 0.0000 0.0000 0.0000 ;
          669 51783000 159734000 0 0 0 0 0.0 124 0 1 0 0 0 0 0 0.0000 0 0 0 
            0 0 1 0 0 0 0 0.0000 0 0 0 0 0  N 0 0.0000 0 0.0 0 0 0.0000 0.000000 
            0 0.0000 0.0000 0.0000 ;
          670 150969000 42486000 0 0 0 0 0.0 127 0 1 0 0 0 0 0 0.0000 0 0 0 
            0 0 1 0 0 0 0 0.0000 0 0 0 0 0  N 0 0.0000 0 0.0 0 0 0.0000 0.000000 
            0 0.0000 0.0000 0.0000 ;
          671 22969000 102949000 0 0 0 0 0.0 123 0 1 0 0 0 0 0 0.0000 0 0 0 
            0 0 1 0 0 0 0 0.0000 0 0 0 0 0  N 0 0.0000 0 0.0 0 0 0.0000 0.000000 
            0 0.0000 0.0000 0.0000 ;
          672 106747000 23240000 0 0 0 0 0.0 124 0 1 0 0 0 0 0 0.0000 0 0 0 
            0 0 1 0 0 0 0 0.0000 0 0 0 0 0  N 0 0.0000 0 0.0 0 0 0.0000 0.000000 
            0 0.0000 0.0000 0.0000 ;
          673 80408000 174895000 0 0 0 0 0.0 123 0 1 0 0 0 0 0 0.0000 0 0 0 
            0 0 1 0 0 0 0 0.0000 0 0 0 0 0  N 0 0.0000 0 0.0 0 0 0.0000 0.000000 
            0 0.0000 0.0000 0.0000 ;
          674 78451000 174404000 0 0 0 0 0.0 126 0 1 0 0 0 0 0 0.0000 0 0 0 
            0 0 1 0 0 0 0 0.0000 0 0 0 0 0  N 0 0.0000 0 0.0 0 0 0.0000 0.000000 
            0 0.0000 0.0000 0.0000 ;
          675 25559000 120830000 0 0 0 0 0.0 156 0 1 0 100 0 0 0 0.0000 0 0 
            0 0 0 1 0 0 0 0 0.0000 0 0 0 0 0  N 0 0.0000 0 0.0 0 0 0.0000 0.000000 
            0 0.0000 0.0000 0.0000 ;
          676 145673000 37593000 0 0 0 0 0.0 158 0 1 0 100 0 0 0 0.0000 0 0 
            0 0 0 1 0 0 0 0 0.0000 0 0 0 0 0  N 0 0.0000 0 0.0 0 0 0.0000 0.000000 
            0 0.0000 0.0000 0.0000 ;
          677 162141000 53679000 0 0 0 0 0.0 121 0 1 0 0 0 0 0 0.0000 0 0 0 
            0 0 1 0 0 0 0 0.0000 0 0 0 0 0  N 0 0.0000 0 0.0 0 0 0.0000 0.000000 
            0 0.0000 0.0000 0.0000 ;
          678 50321000 40505000 0 0 0 0 0.0 122 0 1 0 0 0 0 0 0.0000 0 0 0 
            0 0 1 0 0 0 0 0.0000 0 0 0 0 0  N 0 0.0000 0 0.0 0 0 0.0000 0.000000 
            0 0.0000 0.0000 0.0000 ;
          679 107386000 22771000 0 0 0 0 0.0 123 0 1 0 0 0 0 0 0.0000 0 0 0 
            0 0 1 0 0 0 0 0.0000 0 0 0 0 0  N 0 0.0000 0 0.0 0 0 0.0000 0.000000 
            0 0.0000 0.0000 0.0000 ;
          680 24326000 117885000 0 0 0 0 0.0 128 0 1 0 0 0 0 0 0.0000 0 0 0 
            0 0 1 0 0 0 0 0.0000 0 0 0 0 0  N 0 0.0000 0 0.0 0 0 0.0000 0.000000 
            0 0.0000 0.0000 0.0000 ;
          681 23726000 115099000 0 0 0 0 0.0 122 0 1 0 0 0 0 0 0.0000 0 0 0 
            0 0 1 0 0 0 0 0.0000 0 0 0 0 0  N 0 0.0000 0 0.0 0 0 0.0000 0.000000 
            0 0.0000 0.0000 0.0000 ;
          682 128916000 27820000 0 0 0 0 0.0 131 0 1 0 0 0 0 0 0.0000 0 0 0 
            0 0 1 0 0 0 0 0.0000 0 0 0 0 0  N 0 0.0000 0 0.0 0 0 0.0000 0.000000 
            0 0.0000 0.0000 0.0000 ;
          683 154103000 43990000 0 0 0 0 0.0 128 0 1 0 0 0 0 0 0.0000 0 0 0 
            0 0 1 0 0 0 0 0.0000 0 0 0 0 0  N 0 0.0000 0 0.0 0 0 0.0000 0.000000 
            0 0.0000 0.0000 0.0000 ;
          684 87038000 176944000 0 0 0 0 0.0 132 0 1 0 0 0 0 0 0.0000 0 0 0 
            0 0 1 0 0 0 0 0.0000 0 0 0 0 0  N 0 0.0000 0 0.0 0 0 0.0000 0.000000 
            0 0.0000 0.0000 0.0000 ;
          685 114527000 23465000 0 0 0 0 0.0 123 0 1 0 0 0 0 0 0.0000 0 0 0 
            0 0 1 0 0 0 0 0.0000 0 0 0 0 0  N 0 0.0000 0 0.0 0 0 0.0000 0.000000 
            0 0.0000 0.0000 0.0000 ;
          686 168293000 62094000 0 0 0 0 0.0 130 0 1 0 0 0 0 0 0.0000 0 0 0 
            0 0 1 0 0 0 0 0.0000 0 0 0 0 0  N 0 0.0000 0 0.0 0 0 0.0000 0.000000 
            0 0.0000 0.0000 0.0000 ;
          687 56213000 35411000 0 0 0 0 0.0 120 0 1 0 0 0 0 0 0.0000 0 0 0 
            0 0 1 0 0 0 0 0.0000 0 0 0 0 0  N 0 0.0000 0 0.0 0 0 0.0000 0.000000 
            0 0.0000 0.0000 0.0000 ;
          688 147139000 162905000 0 0 0 0 0.0 121 0 1 0 0 0 0 0 0.0000 0 0 
            0 0 0 1 0 0 0 0 0.0000 0 0 0 0 0  N 0 0.0000 0 0.0 0 0 0.0000 0.000000 
            0 0.0000 0.0000 0.0000 ;
          689 71418000 173151000 0 0 0 0 0.0 120 0 1 0 0 0 0 0 0.0000 0 0 0 
            0 0 1 0 0 0 0 0.0000 0 0 0 0 0  N 0 0.0000 0 0.0 0 0 0.0000 0.000000 
            0 0.0000 0.0000 0.0000 ;
          690 168503000 60633000 0 0 0 0 0.0 132 0 1 0 0 0 0 0 0.0000 0 0 0 
            0 0 1 0 0 0 0 0.0000 0 0 0 0 0  N 0 0.0000 0 0.0 0 0 0.0000 0.000000 
            0 0.0000 0.0000 0.0000 ;
          691 23695000 120273000 0 0 0 0 0.0 136 0 1 0 0 0 0 0 0.0000 0 0 0 
            0 0 1 0 0 0 0 0.0000 0 0 0 0 0  N 0 0.0000 0 0.0 0 0 0.0000 0.000000 
            0 0.0000 0.0000 0.0000 ;
          692 25153000 75238000 0 0 0 0 0.0 122 0 1 0 0 0 0 0 0.0000 0 0 0 
            0 0 1 0 0 0 0 0.0000 0 0 0 0 0  N 0 0.0000 0 0.0 0 0 0.0000 0.000000 
            0 0.0000 0.0000 0.0000 ;
          693 61339000 31178000 0 0 0 0 0.0 125 0 1 0 0 0 0 0 0.0000 0 0 0 
            0 0 1 0 0 0 0 0.0000 0 0 0 0 0  N 0 0.0000 0 0.0 0 0 0.0000 0.000000 
            0 0.0000 0.0000 0.0000 ;
          694 27900000 133378000 0 0 0 0 0.0 135 0 1 0 0 0 0 0 0.0000 0 0 0 
            0 0 1 0 0 0 0 0.0000 0 0 0 0 0  N 0 0.0000 0 0.0 0 0 0.0000 0.000000 
            0 0.0000 0.0000 0.0000 ;
          695 171711000 135077000 0 0 0 0 0.0 126 0 1 0 0 0 0 0 0.0000 0 0 
            0 0 0 1 0 0 0 0 0.0000 0 0 0 0 0  N 0 0.0000 0 0.0 0 0 0.0000 0.000000 
            0 0.0000 0.0000 0.0000 ;
          696 21060000 110460000 0 0 0 0 0.0 157 0 1 0 100 0 0 0 0.0000 0 0 
            0 0 0 1 0 0 0 0 0.0000 0 0 0 0 0  N 0 0.0000 0 0.0 0 0 0.0000 0.000000 
            0 0.0000 0.0000 0.0000 ;
          697 167810000 57938000 0 0 0 0 0.0 161 0 1 0 100 0 0 0 0.0000 0 0 
            0 0 0 1 0 0 0 0 0.0000 0 0 0 0 0  N 0 0.0000 0 0.0 0 0 0.0000 0.000000 
            0 0.0000 0.0000 0.0000 ;
          698 179878000 102281000 0 0 0 0 0.0 125 0 1 0 0 0 0 0 0.0000 0 0 
            0 0 0 1 0 0 0 0 0.0000 0 0 0 0 0  N 0 0.0000 0 0.0 0 0 0.0000 0.000000 
            0 0.0000 0.0000 0.0000 ;
          699 164847000 146770000 0 0 0 0 0.0 129 0 1 0 0 0 0 0 0.0000 0 0 
            0 0 0 1 0 0 0 0 0.0000 0 0 0 0 0  N 0 0.0000 0 0.0 0 0 0.0000 0.000000 
            0 0.0000 0.0000 0.0000 ;
          700 179501000 111702000 0 0 0 0 0.0 126 0 1 0 0 0 0 0 0.0000 0 0 
            0 0 0 1 0 0 0 0 0.0000 0 0 0 0 0  N 0 0.0000 0 0.0 0 0 0.0000 0.000000 
            0 0.0000 0.0000 0.0000 ;
          701 139731000 169931000 0 0 0 0 0.0 139 0 1 0 0 0 0 0 0.0000 0 0 
            0 0 0 1 0 0 0 0 0.0000 0 0 0 0 0  N 0 0.0000 0 0.0 0 0 0.0000 0.000000 
            0 0.0000 0.0000 0.0000 ;
          702 28718000 63494000 0 0 0 0 0.0 129 0 1 0 0 0 0 0 0.0000 0 0 0 
            0 0 1 0 0 0 0 0.0000 0 0 0 0 0  N 0 0.0000 0 0.0 0 0 0.0000 0.000000 
            0 0.0000 0.0000 0.0000 ;
          703 78956000 177689000 0 0 0 0 0.0 120 0 1 0 0 0 0 0 0.0000 0 0 0 
            0 0 1 0 0 0 0 0.0000 0 0 0 0 0  N 0 0.0000 0 0.0 0 0 0.0000 0.000000 
            0 0.0000 0.0000 0.0000 ;
          704 26560000 132472000 0 0 0 0 0.0 135 0 1 0 0 0 0 0 0.0000 0 0 0 
            0 0 1 0 0 0 0 0.0000 0 0 0 0 0  N 0 0.0000 0 0.0 0 0 0.0000 0.000000 
            0 0.0000 0.0000 0.0000 ;
          705 25576000 70129000 0 0 0 0 0.0 126 0 1 0 0 0 0 0 0.0000 0 0 0 
            0 0 1 0 0 0 0 0.0000 0 0 0 0 0  N 0 0.0000 0 0.0 0 0 0.0000 0.000000 
            0 0.0000 0.0000 0.0000 ;
          706 26724000 67434000 0 0 0 0 0.0 125 0 1 0 0 0 0 0 0.0000 0 0 0 
            0 0 1 0 0 0 0 0.0000 0 0 0 0 0  N 0 0.0000 0 0.0 0 0 0.0000 0.000000 
            0 0.0000 0.0000 0.0000 ;
          707 176950000 76519000 0 0 0 0 0.0 122 0 1 0 0 0 0 0 0.0000 0 0 0 
            0 0 1 0 0 0 0 0.0000 0 0 0 0 0  N 0 0.0000 0 0.0 0 0 0.0000 0.000000 
            0 0.0000 0.0000 0.0000 ;
          708 179249000 84519000 0 0 0 0 0.0 127 0 1 0 0 0 0 0 0.0000 0 0 0 
            0 0 1 0 0 0 0 0.0000 0 0 0 0 0  N 0 0.0000 0 0.0 0 0 0.0000 0.000000 
            0 0.0000 0.0000 0.0000 ;
          709 179534000 86577000 0 0 0 0 0.0 125 0 1 0 0 0 0 0 0.0000 0 0 0 
            0 0 1 0 0 0 0 0.0000 0 0 0 0 0  N 0 0.0000 0 0.0 0 0 0.0000 0.000000 
            0 0.0000 0.0000 0.0000 ;
          710 160627000 46238000 0 0 0 0 0.0 132 0 1 0 0 0 0 0 0.0000 0 0 0 
            0 0 1 0 0 0 0 0.0000 0 0 0 0 0  N 0 0.0000 0 0.0 0 0 0.0000 0.000000 
            0 0.0000 0.0000 0.0000 ;
          711 179218000 82852000 0 0 0 0 0.0 124 0 1 0 0 0 0 0 0.0000 0 0 0 
            0 0 1 0 0 0 0 0.0000 0 0 0 0 0  N 0 0.0000 0 0.0 0 0 0.0000 0.000000 
            0 0.0000 0.0000 0.0000 ;
          712 21620000 120393000 0 0 0 0 0.0 122 0 1 0 0 0 0 0 0.0000 0 0 0 
            0 0 1 0 0 0 0 0.0000 0 0 0 0 0  N 0 0.0000 0 0.0 0 0 0.0000 0.000000 
            0 0.0000 0.0000 0.0000 ;
          713 49756000 36670000 0 0 0 0 0.0 129 0 1 0 0 0 0 0 0.0000 0 0 0 
            0 0 1 0 0 0 0 0.0000 0 0 0 0 0  N 0 0.0000 0 0.0 0 0 0.0000 0.000000 
            0 0.0000 0.0000 0.0000 ;
          714 34788000 148303000 0 0 0 0 0.0 121 0 1 0 0 0 0 0 0.0000 0 0 0 
            0 0 1 0 0 0 0 0.0000 0 0 0 0 0  N 0 0.0000 0 0.0 0 0 0.0000 0.000000 
            0 0.0000 0.0000 0.0000 ;
          715 20488000 84297000 0 0 0 0 0.0 124 0 1 0 0 0 0 0 0.0000 0 0 0 
            0 0 1 0 0 0 0 0.0000 0 0 0 0 0  N 0 0.0000 0 0.0 0 0 0.0000 0.000000 
            0 0.0000 0.0000 0.0000 ;
          716 45587000 39870000 0 0 0 0 0.0 137 0 1 0 0 0 0 0 0.0000 0 0 0 
            0 0 1 0 0 0 0 0.0000 0 0 0 0 0  N 0 0.0000 0 0.0 0 0 0.0000 0.000000 
            0 0.0000 0.0000 0.0000 ;
          717 73442000 23454000 0 0 0 0 0.0 129 0 1 0 0 0 0 0 0.0000 0 0 0 
            0 0 1 0 0 0 0 0.0000 0 0 0 0 0  N 0 0.0000 0 0.0 0 0 0.0000 0.000000 
            0 0.0000 0.0000 0.0000 ;
          718 98636000 181508000 0 0 0 0 0.0 126 0 1 0 0 0 0 0 0.0000 0 0 0 
            0 0 1 0 0 0 0 0.0000 0 0 0 0 0  N 0 0.0000 0 0.0 0 0 0.0000 0.000000 
            0 0.0000 0.0000 0.0000 ;
          719 69868000 175748000 0 0 0 0 0.0 144 0 1 0 0 0 0 0 0.0000 0 0 0 
            0 0 1 0 0 0 0 0.0000 0 0 0 0 0  N 0 0.0000 0 0.0 0 0 0.0000 0.000000 
            0 0.0000 0.0000 0.0000 ;
          720 38516000 46933000 0 0 0 0 0.0 121 0 1 0 0 0 0 0 0.0000 0 0 0 
            0 0 1 0 0 0 0 0.0000 0 0 0 0 0  N 0 0.0000 0 0.0 0 0 0.0000 0.000000 
            0 0.0000 0.0000 0.0000 ;
          721 112212000 19525000 0 0 0 0 0.0 141 0 1 0 0 0 0 0 0.0000 0 0 0 
            0 0 1 0 0 0 0 0.0000 0 0 0 0 0  N 0 0.0000 0 0.0 0 0 0.0000 0.000000 
            0 0.0000 0.0000 0.0000 ;
          722 115800000 180209000 0 0 0 0 0.0 130 0 1 0 0 0 0 0 0.0000 0 0 
            0 0 0 1 0 0 0 0 0.0000 0 0 0 0 0  N 0 0.0000 0 0.0 0 0 0.0000 0.000000 
            0 0.0000 0.0000 0.0000 ;
          723 47430000 162696000 0 0 0 0 0.0 126 0 1 0 0 0 0 0 0.0000 0 0 0 
            0 0 1 0 0 0 0 0.0000 0 0 0 0 0  N 0 0.0000 0 0.0 0 0 0.0000 0.000000 
            0 0.0000 0.0000 0.0000 ;
          724 119196000 20614000 0 0 0 0 0.0 129 0 1 0 0 0 0 0 0.0000 0 0 0 
            0 0 1 0 0 0 0 0.0000 0 0 0 0 0  N 0 0.0000 0 0.0 0 0 0.0000 0.000000 
            0 0.0000 0.0000 0.0000 ;
          725 180971000 87573000 0 0 0 0 0.0 121 0 1 0 0 0 0 0 0.0000 0 0 0 
            0 0 1 0 0 0 0 0.0000 0 0 0 0 0  N 0 0.0000 0 0.0 0 0 0.0000 0.000000 
            0 0.0000 0.0000 0.0000 ;
          726 51280000 165897000 0 0 0 0 0.0 126 0 1 0 0 0 0 0 0.0000 0 0 0 
            0 0 1 0 0 0 0 0.0000 0 0 0 0 0  N 0 0.0000 0 0.0 0 0 0.0000 0.000000 
            0 0.0000 0.0000 0.0000 ;
          727 81042000 180034000 0 0 0 0 0.0 121 0 1 0 0 0 0 0 0.0000 0 0 0 
            0 0 1 0 0 0 0 0.0000 0 0 0 0 0  N 0 0.0000 0 0.0 0 0 0.0000 0.000000 
            0 0.0000 0.0000 0.0000 ;
          728 24670000 132614000 0 0 0 0 0.0 135 0 1 0 0 0 0 0 0.0000 0 0 0 
            0 0 1 0 0 0 0 0.0000 0 0 0 0 0  N 0 0.0000 0 0.0 0 0 0.0000 0.000000 
            0 0.0000 0.0000 0.0000 ;
          729 166333000 51632000 0 0 0 0 0.0 121 0 1 0 0 0 0 0 0.0000 0 0 0 
            0 0 1 0 0 0 0 0.0000 0 0 0 0 0  N 0 0.0000 0 0.0 0 0 0.0000 0.000000 
            0 0.0000 0.0000 0.0000 ;
          730 145057000 169048000 0 0 0 0 0.0 120 0 1 0 0 0 0 0 0.0000 0 0 
            0 0 0 1 0 0 0 0 0.0000 0 0 0 0 0  N 0 0.0000 0 0.0 0 0 0.0000 0.000000 
            0 0.0000 0.0000 0.0000 ;
          731 70527000 176847000 0 0 0 0 0.0 121 0 1 0 0 0 0 0 0.0000 0 0 0 
            0 0 1 0 0 0 0 0.0000 0 0 0 0 0  N 0 0.0000 0 0.0 0 0 0.0000 0.000000 
            0 0.0000 0.0000 0.0000 ;
          732 115516000 181167000 0 0 0 0 0.0 139 0 1 0 0 0 0 0 0.0000 0 0 
            0 0 0 1 0 0 0 0 0.0000 0 0 0 0 0  N 0 0.0000 0 0.0 0 0 0.0000 0.000000 
            0 0.0000 0.0000 0.0000 ;
          733 27685000 139828000 0 0 0 0 0.0 125 0 1 0 0 0 0 0 0.0000 0 0 0 
            0 0 1 0 0 0 0 0.0000 0 0 0 0 0  N 0 0.0000 0 0.0 0 0 0.0000 0.000000 
            0 0.0000 0.0000 0.0000 ;
          734 94192000 17683000 0 0 0 0 0.0 128 0 1 0 0 0 0 0 0.0000 0 0 0 
            0 0 1 0 0 0 0 0.0000 0 0 0 0 0  N 0 0.0000 0 0.0 0 0 0.0000 0.000000 
            0 0.0000 0.0000 0.0000 ;
          735 20497000 77356000 0 0 0 0 0.0 128 0 1 0 0 0 0 0 0.0000 0 0 0 
            0 0 1 0 0 0 0 0.0000 0 0 0 0 0  N 0 0.0000 0 0.0 0 0 0.0000 0.000000 
            0 0.0000 0.0000 0.0000 ;
          736 64875000 175386000 0 0 0 0 0.0 122 0 1 0 0 0 0 0 0.0000 0 0 0 
            0 0 1 0 0 0 0 0.0000 0 0 0 0 0  N 0 0.0000 0 0.0 0 0 0.0000 0.000000 
            0 0.0000 0.0000 0.0000 ;
          737 21252000 126504000 0 0 0 0 0.0 124 0 1 0 0 0 0 0 0.0000 0 0 0 
            0 0 1 0 0 0 0 0.0000 0 0 0 0 0  N 0 0.0000 0 0.0 0 0 0.0000 0.000000 
            0 0.0000 0.0000 0.0000 ;
          738 151526000 34875000 0 0 0 0 0.0 135 0 1 0 0 0 0 0 0.0000 0 0 0 
            0 0 1 0 0 0 0 0.0000 0 0 0 0 0  N 0 0.0000 0 0.0 0 0 0.0000 0.000000 
            0 0.0000 0.0000 0.0000 ;
          739 182506000 111306000 0 0 0 0 0.0 127 0 1 0 0 0 0 0 0.0000 0 0 
            0 0 0 1 0 0 0 0 0.0000 0 0 0 0 0  N 0 0.0000 0 0.0 0 0 0.0000 0.000000 
            0 0.0000 0.0000 0.0000 ;
          740 23158000 68208000 0 0 0 0 0.0 123 0 1 0 0 0 0 0 0.0000 0 0 0 
            0 0 1 0 0 0 0 0.0000 0 0 0 0 0  N 0 0.0000 0 0.0 0 0 0.0000 0.000000 
            0 0.0000 0.0000 0.0000 ;
          741 129365000 178162000 0 0 0 0 0.0 124 0 1 0 0 0 0 0 0.0000 0 0 
            0 0 0 1 0 0 0 0 0.0000 0 0 0 0 0  N 0 0.0000 0 0.0 0 0 0.0000 0.000000 
            0 0.0000 0.0000 0.0000 ;
          742 80419000 181382000 0 0 0 0 0.0 132 0 1 0 0 0 0 0 0.0000 0 0 0 
            0 0 1 0 0 0 0 0.0000 0 0 0 0 0  N 0 0.0000 0 0.0 0 0 0.0000 0.000000 
            0 0.0000 0.0000 0.0000 ;
          743 57427000 28200000 0 0 0 0 0.0 124 0 1 0 0 0 0 0 0.0000 0 0 0 
            0 0 1 0 0 0 0 0.0000 0 0 0 0 0  N 0 0.0000 0 0.0 0 0 0.0000 0.000000 
            0 0.0000 0.0000 0.0000 ;
          744 157121000 38937000 0 0 0 0 0.0 123 0 1 0 0 0 0 0 0.0000 0 0 0 
            0 0 1 0 0 0 0 0.0000 0 0 0 0 0  N 0 0.0000 0 0.0 0 0 0.0000 0.000000 
            0 0.0000 0.0000 0.0000 ;
          745 16327000 104222000 0 0 0 0 0.0 137 0 1 0 0 0 0 0 0.0000 0 0 0 
            0 0 1 0 0 0 0 0.0000 0 0 0 0 0  N 0 0.0000 0 0.0 0 0 0.0000 0.000000 
            0 0.0000 0.0000 0.0000 ;
          746 174146000 60402000 0 0 0 0 0.0 120 0 1 0 0 0 0 0 0.0000 0 0 0 
            0 0 1 0 0 0 0 0.0000 0 0 0 0 0  N 0 0.0000 0 0.0 0 0 0.0000 0.000000 
            0 0.0000 0.0000 0.0000 ;
          747 138898000 174744000 0 0 0 0 0.0 126 0 1 0 0 0 0 0 0.0000 0 0 
            0 0 0 1 0 0 0 0 0.0000 0 0 0 0 0  N 0 0.0000 0 0.0 0 0 0.0000 0.000000 
            0 0.0000 0.0000 0.0000 ;
          748 27080000 58518000 0 0 0 0 0.0 127 0 1 0 0 0 0 0 0.0000 0 0 0 
            0 0 1 0 0 0 0 0.0000 0 0 0 0 0  N 0 0.0000 0 0.0 0 0 0.0000 0.000000 
            0 0.0000 0.0000 0.0000 ;
          749 87397000 16957000 0 0 0 0 0.0 121 0 1 0 0 0 0 0 0.0000 0 0 0 
            0 0 1 0 0 0 0 0.0000 0 0 0 0 0  N 0 0.0000 0 0.0 0 0 0.0000 0.000000 
            0 0.0000 0.0000 0.0000 ;
          750 110612000 16464000 0 0 0 0 0.0 120 0 1 0 0 0 0 0 0.0000 0 0 0 
            0 0 1 0 0 0 0 0.0000 0 0 0 0 0  N 0 0.0000 0 0.0 0 0 0.0000 0.000000 
            0 0.0000 0.0000 0.0000 ;
          751 165258000 153789000 0 0 0 0 0.0 144 0 1 0 0 0 0 0 0.0000 0 0 
            0 0 0 1 0 0 0 0 0.0000 0 0 0 0 0  N 0 0.0000 0 0.0 0 0 0.0000 0.000000 
            0 0.0000 0.0000 0.0000 ;
          752 128676000 179611000 0 0 0 0 0.0 121 0 1 0 0 0 0 0 0.0000 0 0 
            0 0 0 1 0 0 0 0 0.0000 0 0 0 0 0  N 0 0.0000 0 0.0 0 0 0.0000 0.000000 
            0 0.0000 0.0000 0.0000 ;
          753 121305000 181914000 0 0 0 0 0.0 161 0 1 0 100 0 0 0 0.0000 0 
            0 0 0 0 1 0 0 0 0 0.0000 0 0 0 0 0  N 0 0.0000 0 0.0 0 0 0.0000 
            0.000000 0 0.0000 0.0000 0.0000 ;
          754 111330000 183826000 0 0 0 0 0.0 130 0 1 0 0 0 0 0 0.0000 0 0 
            0 0 0 1 0 0 0 0 0.0000 0 0 0 0 0  N 0 0.0000 0 0.0 0 0 0.0000 0.000000 
            0 0.0000 0.0000 0.0000 ;
          755 184412000 91355000 0 0 0 0 0.0 122 0 1 0 0 0 0 0 0.0000 0 0 0 
            0 0 1 0 0 0 0 0.0000 0 0 0 0 0  N 0 0.0000 0 0.0 0 0 0.0000 0.000000 
            0 0.0000 0.0000 0.0000 ;
          756 163280000 156703000 0 0 0 0 0.0 158 0 1 0 0 0 0 0 0.0000 0 0 
            0 0 0 1 0 0 0 0 0.0000 0 0 0 0 0  N 0 0.0000 0 0.0 0 0 0.0000 0.000000 
            0 0.0000 0.0000 0.0000 ;
          757 139833000 25085000 0 0 0 0 0.0 134 0 1 0 0 0 0 0 0.0000 0 0 0 
            0 0 1 0 0 0 0 0.0000 0 0 0 0 0  N 0 0.0000 0 0.0 0 0 0.0000 0.000000 
            0 0.0000 0.0000 0.0000 ;
          758 161869000 158603000 0 0 0 0 0.0 126 0 1 0 0 0 0 0 0.0000 0 0 
            0 0 0 1 0 0 0 0 0.0000 0 0 0 0 0  N 0 0.0000 0 0.0 0 0 0.0000 0.000000 
            0 0.0000 0.0000 0.0000 ;
          759 78683000 182676000 0 0 0 0 0.0 120 0 1 0 0 0 0 0 0.0000 0 0 0 
            0 0 1 0 0 0 0 0.0000 0 0 0 0 0  N 0 0.0000 0 0.0 0 0 0.0000 0.000000 
            0 0.0000 0.0000 0.0000 ;
          760 28072000 54352000 0 0 0 0 0.0 126 0 1 0 0 0 0 0 0.0000 0 0 0 
            0 0 1 0 0 0 0 0.0000 0 0 0 0 0  N 0 0.0000 0 0.0 0 0 0.0000 0.000000 
            0 0.0000 0.0000 0.0000 ;
          761 152011000 32335000 0 0 0 0 0.0 122 0 1 0 0 0 0 0 0.0000 0 0 0 
            0 0 1 0 0 0 0 0.0000 0 0 0 0 0  N 0 0.0000 0 0.0 0 0 0.0000 0.000000 
            0 0.0000 0.0000 0.0000 ;
          762 178952000 133161000 0 0 0 0 0.0 135 0 1 0 0 0 0 0 0.0000 0 0 
            0 0 0 1 0 0 0 0 0.0000 0 0 0 0 0  N 0 0.0000 0 0.0 0 0 0.0000 0.000000 
            0 0.0000 0.0000 0.0000 ;
          763 82718000 183764000 0 0 0 0 0.0 135 0 1 0 0 0 0 0 0.0000 0 0 0 
            0 0 1 0 0 0 0 0.0000 0 0 0 0 0  N 0 0.0000 0 0.0 0 0 0.0000 0.000000 
            0 0.0000 0.0000 0.0000 ;
          764 63372000 22961000 0 0 0 0 0.0 124 0 1 0 0 0 0 0 0.0000 0 0 0 
            0 0 1 0 0 0 0 0.0000 0 0 0 0 0  N 0 0.0000 0 0.0 0 0 0.0000 0.000000 
            0 0.0000 0.0000 0.0000 ;
          765 74120000 18237000 0 0 0 0 0.0 123 0 1 0 0 0 0 0 0.0000 0 0 0 
            0 0 1 0 0 0 0 0.0000 0 0 0 0 0  N 0 0.0000 0 0.0 0 0 0.0000 0.000000 
            0 0.0000 0.0000 0.0000 ;
          766 181175000 128928000 0 0 0 0 0.0 163 0 1 0 100 0 0 0 0.0000 0 
            0 0 0 0 1 0 0 0 0 0.0000 0 0 0 0 0  N 0 0.0000 0 0.0 0 0 0.0000 
            0.000000 0 0.0000 0.0000 0.0000 ;
          767 62218000 177882000 0 0 0 0 0.0 136 0 1 0 0 0 0 0 0.0000 0 0 0 
            0 0 1 0 0 0 0 0.0000 0 0 0 0 0  N 0 0.0000 0 0.0 0 0 0.0000 0.000000 
            0 0.0000 0.0000 0.0000 ;
          768 90492000 186169000 0 0 0 0 0.0 129 0 1 0 0 0 0 0 0.0000 0 0 0 
            0 0 1 0 0 0 0 0.0000 0 0 0 0 0  N 0 0.0000 0 0.0 0 0 0.0000 0.000000 
            0 0.0000 0.0000 0.0000 ;
          769 56871000 175221000 0 0 0 0 0.0 126 0 1 0 0 0 0 0 0.0000 0 0 0 
            0 0 1 0 0 0 0 0.0000 0 0 0 0 0  N 0 0.0000 0 0.0 0 0 0.0000 0.000000 
            0 0.0000 0.0000 0.0000 ;
          770 18502000 129313000 0 0 0 0 0.0 129 0 1 0 0 0 0 0 0.0000 0 0 0 
            0 0 1 0 0 0 0 0.0000 0 0 0 0 0  N 0 0.0000 0 0.0 0 0 0.0000 0.000000 
            0 0.0000 0.0000 0.0000 ;
          771 186512000 91605000 0 0 0 0 0.0 120 0 1 0 0 0 0 0 0.0000 0 0 0 
            0 0 1 0 0 0 0 0.0000 0 0 0 0 0  N 0 0.0000 0 0.0 0 0 0.0000 0.000000 
            0 0.0000 0.0000 0.0000 ;
          772 178988000 63382000 0 0 0 0 0.0 127 0 1 0 0 0 0 0 0.0000 0 0 0 
            0 0 1 0 0 0 0 0.0000 0 0 0 0 0  N 0 0.0000 0 0.0 0 0 0.0000 0.000000 
            0 0.0000 0.0000 0.0000 ;
          773 13855000 112576000 0 0 0 0 0.0 120 0 1 0 0 0 0 0 0.0000 0 0 0 
            0 0 1 0 0 0 0 0.0000 0 0 0 0 0  N 0 0.0000 0 0.0 0 0 0.0000 0.000000 
            0 0.0000 0.0000 0.0000 ;
          774 12991000 95839000 0 0 0 0 0.0 136 0 1 0 0 0 0 0 0.0000 0 0 0 
            0 0 1 0 0 0 0 0.0000 0 0 0 0 0  N 0 0.0000 0 0.0 0 0 0.0000 0.000000 
            0 0.0000 0.0000 0.0000 ;
          775 21166000 63138000 0 0 0 0 0.0 123 0 1 0 0 0 0 0 0.0000 0 0 0 
            0 0 1 0 0 0 0 0.0000 0 0 0 0 0  N 0 0.0000 0 0.0 0 0 0.0000 0.000000 
            0 0.0000 0.0000 0.0000 ;
          776 143160000 24245000 0 0 0 0 0.0 138 0 1 0 0 0 0 0 0.0000 0 0 0 
            0 0 1 0 0 0 0 0.0000 0 0 0 0 0  N 0 0.0000 0 0.0 0 0 0.0000 0.000000 
            0 0.0000 0.0000 0.0000 ;
          777 136361000 179513000 0 0 0 0 0.0 124 0 1 0 0 0 0 0 0.0000 0 0 
            0 0 0 1 0 0 0 0 0.0000 0 0 0 0 0  N 0 0.0000 0 0.0 0 0 0.0000 0.000000 
            0 0.0000 0.0000 0.0000 ;
          778 37098000 160543000 0 0 0 0 0.0 122 0 1 0 0 0 0 0 0.0000 0 0 0 
            0 0 1 0 0 0 0 0.0000 0 0 0 0 0  N 0 0.0000 0 0.0 0 0 0.0000 0.000000 
            0 0.0000 0.0000 0.0000 ;
          779 17031000 126833000 0 0 0 0 0.0 120 0 1 0 0 0 0 0 0.0000 0 0 0 
            0 0 1 0 0 0 0 0.0000 0 0 0 0 0  N 0 0.0000 0 0.0 0 0 0.0000 0.000000 
            0 0.0000 0.0000 0.0000 ;
          780 128922000 182777000 0 0 0 0 0.0 124 0 1 0 0 0 0 0 0.0000 0 0 
            0 0 0 1 0 0 0 0 0.0000 0 0 0 0 0  N 0 0.0000 0 0.0 0 0 0.0000 0.000000 
            0 0.0000 0.0000 0.0000 ;
          781 13504000 113135000 0 0 0 0 0.0 123 0 1 0 0 0 0 0 0.0000 0 0 0 
            0 0 1 0 0 0 0 0.0000 0 0 0 0 0  N 0 0.0000 0 0.0 0 0 0.0000 0.000000 
            0 0.0000 0.0000 0.0000 ;
          782 13332000 112194000 0 0 0 0 0.0 121 0 1 0 0 0 0 0 0.0000 0 0 0 
            0 0 1 0 0 0 0 0.0000 0 0 0 0 0  N 0 0.0000 0 0.0 0 0 0.0000 0.000000 
            0 0.0000 0.0000 0.0000 ;
          783 59440000 177933000 0 0 0 0 0.0 121 0 1 0 0 0 0 0 0.0000 0 0 0 
            0 0 1 0 0 0 0 0.0000 0 0 0 0 0  N 0 0.0000 0 0.0 0 0 0.0000 0.000000 
            0 0.0000 0.0000 0.0000 ;
          784 33195000 43190000 0 0 0 0 0.0 127 0 1 0 0 0 0 0 0.0000 0 0 0 
            0 0 1 0 0 0 0 0.0000 0 0 0 0 0  N 0 0.0000 0 0.0 0 0 0.0000 0.000000 
            0 0.0000 0.0000 0.0000 ;
          785 187053000 113468000 0 0 0 0 0.0 126 0 1 0 0 0 0 0 0.0000 0 0 
            0 0 0 1 0 0 0 0 0.0000 0 0 0 0 0  N 0 0.0000 0 0.0 0 0 0.0000 0.000000 
            0 0.0000 0.0000 0.0000 ;
          786 62348000 20601000 0 0 0 0 0.0 137 0 1 0 0 0 0 0 0.0000 0 0 0 
            0 0 1 0 0 0 0 0.0000 0 0 0 0 0  N 0 0.0000 0 0.0 0 0 0.0000 0.000000 
            0 0.0000 0.0000 0.0000 ;
          787 187417000 112144000 0 0 0 0 0.0 129 0 1 0 0 0 0 0 0.0000 0 0 
            0 0 0 1 0 0 0 0 0.0000 0 0 0 0 0  N 0 0.0000 0 0.0 0 0 0.0000 0.000000 
            0 0.0000 0.0000 0.0000 ;
          788 125952000 184426000 0 0 0 0 0.0 128 0 1 0 0 0 0 0 0.0000 0 0 
            0 0 0 1 0 0 0 0 0.0000 0 0 0 0 0  N 0 0.0000 0 0.0 0 0 0.0000 0.000000 
            0 0.0000 0.0000 0.0000 ;
          789 58950000 178077000 0 0 0 0 0.0 121 0 1 0 0 0 0 0 0.0000 0 0 0 
            0 0 1 0 0 0 0 0.0000 0 0 0 0 0  N 0 0.0000 0 0.0 0 0 0.0000 0.000000 
            0 0.0000 0.0000 0.0000 ;
          790 116837000 13502000 0 0 0 0 0.0 134 0 1 0 0 0 0 0 0.0000 0 0 0 
            0 0 1 0 0 0 0 0.0000 0 0 0 0 0  N 0 0.0000 0 0.0 0 0 0.0000 0.000000 
            0 0.0000 0.0000 0.0000 ;
          791 32266000 157013000 0 0 0 0 0.0 121 0 1 0 0 0 0 0 0.0000 0 0 0 
            0 0 1 0 0 0 0 0.0000 0 0 0 0 0  N 0 0.0000 0 0.0 0 0 0.0000 0.000000 
            0 0.0000 0.0000 0.0000 ;
          792 11602000 103502000 0 0 0 0 0.0 125 0 1 0 0 0 0 0 0.0000 0 0 0 
            0 0 1 0 0 0 0 0.0000 0 0 0 0 0  N 0 0.0000 0 0.0 0 0 0.0000 0.000000 
            0 0.0000 0.0000 0.0000 ;
          793 36269000 161653000 0 0 0 0 0.0 124 0 1 0 0 0 0 0 0.0000 0 0 0 
            0 0 1 0 0 0 0 0.0000 0 0 0 0 0  N 0 0.0000 0 0.0 0 0 0.0000 0.000000 
            0 0.0000 0.0000 0.0000 ;
          794 36395000 38492000 0 0 0 0 0.0 125 0 1 0 0 0 0 0 0.0000 0 0 0 
            0 0 1 0 0 0 0 0.0000 0 0 0 0 0  N 0 0.0000 0 0.0 0 0 0.0000 0.000000 
            0 0.0000 0.0000 0.0000 ;
          795 12216000 87265000 0 0 0 0 0.0 135 0 1 0 0 0 0 0 0.0000 0 0 0 
            0 0 1 0 0 0 0 0.0000 0 0 0 0 0  N 0 0.0000 0 0.0 0 0 0.0000 0.000000 
            0 0.0000 0.0000 0.0000 ;
          796 189020000 105012000 0 0 0 0 0.0 121 0 1 0 0 0 0 0 0.0000 0 0 
            0 0 0 1 0 0 0 0 0.0000 0 0 0 0 0  N 0 0.0000 0 0.0 0 0 0.0000 0.000000 
            0 0.0000 0.0000 0.0000 ;
          797 36022000 161950000 0 0 0 0 0.0 124 0 1 0 0 0 0 0 0.0000 0 0 0 
            0 0 1 0 0 0 0 0.0000 0 0 0 0 0  N 0 0.0000 0 0.0 0 0 0.0000 0.000000 
            0 0.0000 0.0000 0.0000 ;
          798 21517000 58152000 0 0 0 0 0.0 121 0 1 0 0 0 0 0 0.0000 0 0 0 
            0 0 1 0 0 0 0 0.0000 0 0 0 0 0  N 0 0.0000 0 0.0 0 0 0.0000 0.000000 
            0 0.0000 0.0000 0.0000 ;
          799 66592000 17668000 0 0 0 0 0.0 124 0 1 0 0 0 0 0 0.0000 0 0 0 
            0 0 1 0 0 0 0 0.0000 0 0 0 0 0  N 0 0.0000 0 0.0 0 0 0.0000 0.000000 
            0 0.0000 0.0000 0.0000 ;
          800 189063000 104720000 0 0 0 0 0.0 132 0 1 0 0 0 0 0 0.0000 0 0 
            0 0 0 1 0 0 0 0 0.0000 0 0 0 0 0  N 0 0.0000 0 0.0 0 0 0.0000 0.000000 
            0 0.0000 0.0000 0.0000 ;
          801 151135000 26848000 0 0 0 0 0.0 134 0 1 0 0 0 0 0 0.0000 0 0 0 
            0 0 1 0 0 0 0 0.0000 0 0 0 0 0  N 0 0.0000 0 0.0 0 0 0.0000 0.000000 
            0 0.0000 0.0000 0.0000 ;
          802 56754000 22012000 0 0 0 0 0.0 130 0 1 0 0 0 0 0 0.0000 0 0 0 
            0 0 1 0 0 0 0 0.0000 0 0 0 0 0  N 0 0.0000 0 0.0 0 0 0.0000 0.000000 
            0 0.0000 0.0000 0.0000 ;
          803 156578000 30724000 0 0 0 0 0.0 122 0 1 0 0 0 0 0 0.0000 0 0 0 
            0 0 1 0 0 0 0 0.0000 0 0 0 0 0  N 0 0.0000 0 0.0 0 0 0.0000 0.000000 
            0 0.0000 0.0000 0.0000 ;
          804 133229000 183396000 0 0 0 0 0.0 122 0 1 0 0 0 0 0 0.0000 0 0 
            0 0 0 1 0 0 0 0 0.0000 0 0 0 0 0  N 0 0.0000 0 0.0 0 0 0.0000 0.000000 
            0 0.0000 0.0000 0.0000 ;
          805 42194000 31429000 0 0 0 0 0.0 131 0 1 0 0 0 0 0 0.0000 0 0 0 
            0 0 1 0 0 0 0 0.0000 0 0 0 0 0  N 0 0.0000 0 0.0 0 0 0.0000 0.000000 
            0 0.0000 0.0000 0.0000 ;
          806 43555000 170220000 0 0 0 0 0.0 123 0 1 0 0 0 0 0 0.0000 0 0 0 
            0 0 1 0 0 0 0 0.0000 0 0 0 0 0  N 0 0.0000 0 0.0 0 0 0.0000 0.000000 
            0 0.0000 0.0000 0.0000 ;
          807 64197000 17531000 0 0 0 0 0.0 124 0 1 0 0 0 0 0 0.0000 0 0 0 
            0 0 1 0 0 0 0 0.0000 0 0 0 0 0  N 0 0.0000 0 0.0 0 0 0.0000 0.000000 
            0 0.0000 0.0000 0.0000 ;
          808 11183000 84858000 0 0 0 0 0.0 121 0 1 0 0 0 0 0 0.0000 0 0 0 
            0 0 1 0 0 0 0 0.0000 0 0 0 0 0  N 0 0.0000 0 0.0 0 0 0.0000 0.000000 
            0 0.0000 0.0000 0.0000 ;
          809 82288000 188826000 0 0 0 0 0.0 120 0 1 0 0 0 0 0 0.0000 0 0 0 
            0 0 1 0 0 0 0 0.0000 0 0 0 0 0  N 0 0.0000 0 0.0 0 0 0.0000 0.000000 
            0 0.0000 0.0000 0.0000 ;
          810 40952000 168445000 0 0 0 0 0.0 122 0 1 0 0 0 0 0 0.0000 0 0 0 
            0 0 1 0 0 0 0 0.0000 0 0 0 0 0  N 0 0.0000 0 0.0 0 0 0.0000 0.000000 
            0 0.0000 0.0000 0.0000 ;
          811 10921000 84954000 0 0 0 0 0.0 137 0 1 0 0 0 0 0 0.0000 0 0 0 
            0 0 1 0 0 0 0 0.0000 0 0 0 0 0  N 0 0.0000 0 0.0 0 0 0.0000 0.000000 
            0 0.0000 0.0000 0.0000 ;
          812 15496000 68363000 0 0 0 0 0.0 123 0 1 0 0 0 0 0 0.0000 0 0 0 
            0 0 1 0 0 0 0 0.0000 0 0 0 0 0  N 0 0.0000 0 0.0 0 0 0.0000 0.000000 
            0 0.0000 0.0000 0.0000 ;
          813 172596000 45727000 0 0 0 0 0.0 124 0 1 0 0 0 0 0 0.0000 0 0 0 
            0 0 1 0 0 0 0 0.0000 0 0 0 0 0  N 0 0.0000 0 0.0 0 0 0.0000 0.000000 
            0 0.0000 0.0000 0.0000 ;
          814 182921000 62828000 0 0 0 0 0.0 131 0 1 0 0 0 0 0 0.0000 0 0 0 
            0 0 1 0 0 0 0 0.0000 0 0 0 0 0  N 0 0.0000 0 0.0 0 0 0.0000 0.000000 
            0 0.0000 0.0000 0.0000 ;
          815 26981000 45753000 0 0 0 0 0.0 130 0 1 0 0 0 0 0 0.0000 0 0 0 
            0 0 1 0 0 0 0 0.0000 0 0 0 0 0  N 0 0.0000 0 0.0 0 0 0.0000 0.000000 
            0 0.0000 0.0000 0.0000 ;
          816 21409000 53597000 0 0 0 0 0.0 122 0 1 0 0 0 0 0 0.0000 0 0 0 
            0 0 1 0 0 0 0 0.0000 0 0 0 0 0  N 0 0.0000 0 0.0 0 0 0.0000 0.000000 
            0 0.0000 0.0000 0.0000 ;
          817 190008000 117414000 0 0 0 0 0.0 126 0 1 0 0 0 0 0 0.0000 0 0 
            0 0 0 1 0 0 0 0 0.0000 0 0 0 0 0  N 0 0.0000 0 0.0 0 0 0.0000 0.000000 
            0 0.0000 0.0000 0.0000 ;
          818 128620000 187153000 0 0 0 0 0.0 123 0 1 0 0 0 0 0 0.0000 0 0 
            0 0 0 1 0 0 0 0 0.0000 0 0 0 0 0  N 0 0.0000 0 0.0 0 0 0.0000 0.000000 
            0 0.0000 0.0000 0.0000 ;
          819 81988000 190335000 0 0 0 0 0.0 122 0 1 0 0 0 0 0 0.0000 0 0 0 
            0 0 1 0 0 0 0 0.0000 0 0 0 0 0  N 0 0.0000 0 0.0 0 0 0.0000 0.000000 
            0 0.0000 0.0000 0.0000 ;
          820 9289000 114011000 0 0 0 0 0.0 120 0 1 0 0 0 0 0 0.0000 0 0 0 
            0 0 1 0 0 0 0 0.0000 0 0 0 0 0  N 0 0.0000 0 0.0 0 0 0.0000 0.000000 
            0 0.0000 0.0000 0.0000 ;
          821 10652000 78776000 0 0 0 0 0.0 121 0 1 0 0 0 0 0 0.0000 0 0 0 
            0 0 1 0 0 0 0 0.0000 0 0 0 0 0  N 0 0.0000 0 0.0 0 0 0.0000 0.000000 
            0 0.0000 0.0000 0.0000 ;
          822 64407000 15471000 0 0 0 0 0.0 121 0 1 0 0 0 0 0 0.0000 0 0 0 
            0 0 1 0 0 0 0 0.0000 0 0 0 0 0  N 0 0.0000 0 0.0 0 0 0.0000 0.000000 
            0 0.0000 0.0000 0.0000 ;
          823 186449000 68367000 0 0 0 0 0.0 128 0 1 0 0 0 0 0 0.0000 0 0 0 
            0 0 1 0 0 0 0 0.0000 0 0 0 0 0  N 0 0.0000 0 0.0 0 0 0.0000 0.000000 
            0 0.0000 0.0000 0.0000 ;
          824 9804000 118231000 0 0 0 0 0.0 129 0 1 0 0 0 0 0 0.0000 0 0 0 
            0 0 1 0 0 0 0 0.0000 0 0 0 0 0  N 0 0.0000 0 0.0 0 0 0.0000 0.000000 
            0 0.0000 0.0000 0.0000 ;
          825 141879000 182381000 0 0 0 0 0.0 124 0 1 0 0 0 0 0 0.0000 0 0 
            0 0 0 1 0 0 0 0 0.0000 0 0 0 0 0  N 0 0.0000 0 0.0 0 0 0.0000 0.000000 
            0 0.0000 0.0000 0.0000 ;
          826 138583000 183942000 0 0 0 0 0.0 127 0 1 0 0 0 0 0 0.0000 0 0 
            0 0 0 1 0 0 0 0 0.0000 0 0 0 0 0  N 0 0.0000 0 0.0 0 0 0.0000 0.000000 
            0 0.0000 0.0000 0.0000 ;
          827 182392000 58118000 0 0 0 0 0.0 130 0 1 0 0 0 0 0 0.0000 0 0 0 
            0 0 1 0 0 0 0 0.0000 0 0 0 0 0  N 0 0.0000 0 0.0 0 0 0.0000 0.000000 
            0 0.0000 0.0000 0.0000 ;
          828 36369000 167143000 0 0 0 0 0.0 123 0 1 0 0 0 0 0 0.0000 0 0 0 
            0 0 1 0 0 0 0 0.0000 0 0 0 0 0  N 0 0.0000 0 0.0 0 0 0.0000 0.000000 
            0 0.0000 0.0000 0.0000 ;
          829 9663000 80772000 0 0 0 0 0.0 121 0 1 0 0 0 0 0 0.0000 0 0 0 0 
            0 1 0 0 0 0 0.0000 0 0 0 0 0  N 0 0.0000 0 0.0 0 0 0.0000 0.000000 
            0 0.0000 0.0000 0.0000 ;
          830 60429000 183992000 0 0 0 0 0.0 127 0 1 0 0 0 0 0 0.0000 0 0 0 
            0 0 1 0 0 0 0 0.0000 0 0 0 0 0  N 0 0.0000 0 0.0 0 0 0.0000 0.000000 
            0 0.0000 0.0000 0.0000 ;
          831 14833000 63191000 0 0 0 0 0.0 123 0 1 0 0 0 0 0 0.0000 0 0 0 
            0 0 1 0 0 0 0 0.0000 0 0 0 0 0  N 0 0.0000 0 0.0 0 0 0.0000 0.000000 
            0 0.0000 0.0000 0.0000 ;
          832 23550000 47355000 0 0 0 0 0.0 128 0 1 0 0 0 0 0 0.0000 0 0 0 
            0 0 1 0 0 0 0 0.0000 0 0 0 0 0  N 0 0.0000 0 0.0 0 0 0.0000 0.000000 
            0 0.0000 0.0000 0.0000 ;
          833 29024000 160810000 0 0 0 0 0.0 124 0 1 0 0 0 0 0 0.0000 0 0 0 
            0 0 1 0 0 0 0 0.0000 0 0 0 0 0  N 0 0.0000 0 0.0 0 0 0.0000 0.000000 
            0 0.0000 0.0000 0.0000 ;
          834 129632000 11234000 0 0 0 0 0.0 130 0 1 0 0 0 0 0 0.0000 0 0 0 
            0 0 1 0 0 0 0 0.0000 0 0 0 0 0  N 0 0.0000 0 0.0 0 0 0.0000 0.000000 
            0 0.0000 0.0000 0.0000 ;
          835 21138000 150917000 0 0 0 0 0.0 123 0 1 0 0 0 0 0 0.0000 0 0 0 
            0 0 1 0 0 0 0 0.0000 0 0 0 0 0  N 0 0.0000 0 0.0 0 0 0.0000 0.000000 
            0 0.0000 0.0000 0.0000 ;
          836 161560000 171431000 0 0 0 0 0.0 127 0 1 0 0 0 0 0 0.0000 0 0 
            0 0 0 1 0 0 0 0 0.0000 0 0 0 0 0  N 0 0.0000 0 0.0 0 0 0.0000 0.000000 
            0 0.0000 0.0000 0.0000 ;
          837 167499000 33098000 0 0 0 0 0.0 128 0 1 0 0 0 0 0 0.0000 0 0 0 
            0 0 1 0 0 0 0 0.0000 0 0 0 0 0  N 0 0.0000 0 0.0 0 0 0.0000 0.000000 
            0 0.0000 0.0000 0.0000 ;
          838 177267000 43755000 0 0 0 0 0.0 123 0 1 0 0 0 0 0 0.0000 0 0 0 
            0 0 1 0 0 0 0 0.0000 0 0 0 0 0  N 0 0.0000 0 0.0 0 0 0.0000 0.000000 
            0 0.0000 0.0000 0.0000 ;
          839 46214000 179176000 0 0 0 0 0.0 120 0 1 0 0 0 0 0 0.0000 0 0 0 
            0 0 1 0 0 0 0 0.0000 0 0 0 0 0  N 0 0.0000 0 0.0 0 0 0.0000 0.000000 
            0 0.0000 0.0000 0.0000 ;
          840 6022000 118402000 0 0 0 0 0.0 125 0 1 0 0 0 0 0 0.0000 0 0 0 
            0 0 1 0 0 0 0 0.0000 0 0 0 0 0  N 0 0.0000 0 0.0 0 0 0.0000 0.000000 
            0 0.0000 0.0000 0.0000 ;
          841 15641000 54994000 0 0 0 0 0.0 124 0 1 0 0 0 0 0 0.0000 0 0 0 
            0 0 1 0 0 0 0 0.0000 0 0 0 0 0  N 0 0.0000 0 0.0 0 0 0.0000 0.000000 
            0 0.0000 0.0000 0.0000 ;
          842 6154000 120098000 0 0 0 0 0.0 134 0 1 0 0 0 0 0 0.0000 0 0 0 
            0 0 1 0 0 0 0 0.0000 0 0 0 0 0  N 0 0.0000 0 0.0 0 0 0.0000 0.000000 
            0 0.0000 0.0000 0.0000 ;
          843 163807000 28180000 0 0 0 0 0.0 120 0 1 0 0 0 0 0 0.0000 0 0 0 
            0 0 1 0 0 0 0 0.0000 0 0 0 0 0  N 0 0.0000 0 0.0 0 0 0.0000 0.000000 
            0 0.0000 0.0000 0.0000 ;
          844 7500000 125980000 0 0 0 0 0.0 121 0 1 0 0 0 0 0 0.0000 0 0 0 
            0 0 1 0 0 0 0 0.0000 0 0 0 0 0  N 0 0.0000 0 0.0 0 0 0.0000 0.000000 
            0 0.0000 0.0000 0.0000 ;
          845 10014000 134290000 0 0 0 0 0.0 126 0 1 0 0 0 0 0 0.0000 0 0 0 
            0 0 1 0 0 0 0 0.0000 0 0 0 0 0  N 0 0.0000 0 0.0 0 0 0.0000 0.000000 
            0 0.0000 0.0000 0.0000 ;
          846 40363000 24368000 0 0 0 0 0.0 122 0 1 0 0 0 0 0 0.0000 0 0 0 
            0 0 1 0 0 0 0 0.0000 0 0 0 0 0  N 0 0.0000 0 0.0 0 0 0.0000 0.000000 
            0 0.0000 0.0000 0.0000 ;
        }
      }
      Record TestRecord "4"
      {
        Field AreaPerTest 1 {2.9559200000e+16}
        Field InspectedAreaOrigin 2 {0, 0}
        Field InspectionTest 2 {4, "4" }

        List SampleTestPlanList
        {
          Columns 2 { int32 XINDEX, int32 YINDEX }
          Data 1
          {
            0 0 ;
          }
        }
      }
      Record TestRecord "1"
      {
        Field AreaPerTest 1 {2.9125700000e+16}
        Field InspectedAreaOrigin 2 {0, 0}
        Field InspectionTest 2 {1, "1" }

        List SampleTestPlanList
        {
          Columns 2 { int32 XINDEX, int32 YINDEX }
          Data 1
          {
            0 0 ;
          }
        }
      }
      Record SummaryRecord
      {

        List FullWaferSummaryList
        {
          Columns 1 { float INSPAREA  }
          Data 1
          {
            5.8684900000e+16   ;
          }
        }
        List TestSummaryList
        {
          Columns 11 { int32 TESTNO,  int32 NDEFECT,  float DEFDENSITY,  int32 NDIE,  int32 NDEFDIE,  
          float HAZEREGION,  float HAZEAVERAGE,  float HAZESTDDEV,  float HAZEMEDIAN,  float HAZEPEAK,  
          float AREAPERTEST  }
          Data 2
          {
            4  0  0.0000000000e+00  1  0  
              -1  -1  -1  -1  -1  2.9559200000e+16   ;
            1  846  2.9049999714e+00  1  1  
              -1  -1  -1  -1  -1  2.9125700000e+16   ;
          }
        }
      }
    }
    Field DeviceID 1 {"PWNL16725PB8S-M"}
    Field DiePitch 2 {200000000, 200000000}
    Field FabID 1 {"ONSEMICZ2"}
    Field InspectionStationID 3 {"NONE", "SFSSP1", "CDSP1T02"}
    Field OrientationMarkLocation 1 {0}
    Field RecipeID 3 {"PWNL16725PB8S-M", "05-14-2026", "15:48:52"}
    Field RecipeVersion 3 {"", "", ""}
    Field ResultTimestamp 2 {"05-14-2026", "15:48:52"}
    Field SampleOrientationMarkType 1 {"NOTCH"}
    Field SampleSize 2 {200000000, 0}
    Field SampleType 1 {"WAFER"}
    Field StepID 1 {"PWNL16725PB8S-M"}

    List ClassLookupList
    {
      Columns 3 { int32 CLASSNUMBER, string CLASSNAME, string CLASSCODE }
      Data 269
      {
         0 "UNCLASSIFIED" "";
         1 "UNDETERMINED" "";
         2 "NUISANCE" "";
         3 "PREVIOUS_LEVEL" "";
         4 "POINT_DEFECT" "";
         5 "SCRATCH" "";
         6 "DROP_ON_PARTICLE" "";
         7 "EMBEDD_PARTICLE" "";
         8 "FIBER" "";
         9 "EPI_SPIKE" "";
         10 "RESIDUAL_RESIST" "";
         11 "PHOTOETCH" "";
         12 "EMBEDD_ETCHBLOCK" "";
         13 "MISSING_TRENCH" "";
         14 "ETCH_POLYMER" "";
         15 "NOT_ETCHED_CONT" "";
         16 "RESIDUA_TRENCH" "";
         17 "MASKING_DEFECT" "";
         18 "LIQUIDE_CONTAMIN" "";
         19 "WATER_SPOT" "";
         20 "PITTING" "";
         21 "M2_DIAMOND" "";
         22 "BLUE_DOT_M1" "";
         23 "STRING_S" "";
         24 "CORROSION" "";
         25 "FLUORINE_DEFECT" "";
         26 "BPSG_DEF_IN_CONT" "";
         27 "HBR_DEF_TRENCH" "";
         28 "DEF_IN_TRENCH" "";
         29 "HOLE_IN_METAL" "";
         30 "TITAN_PARTICLES" "";
         31 "CRACK" "";
         32 "BLACK_DOT" "";
         33 "33" "";
         34 "34" "";
         35 "DEFECT_ON_OPEN_METAL" "";
         36 "36" "";
         37 "37" "";
         38 "38" "";
         39 "SEM_ANALYSIS" "";
         40 "MacroOverImg" "";
         41 "41" "";
         42 "42" "";
         43 "UNCLASS_ADC_W/O_IMG" "";
         44 "UNLABELED" "";
         45 "DOI" "";
         46 "REAL" "";
         47 "NUISANCEs" "";
         48 "48" "";
         49 "49" "";
         50 "DIE_SURFACE_DAMAGE" "";
         51 "51" "";
         52 "52" "";
         53 "53" "";
         54 "54" "";
         55 "DEF_SCAN_AREA" "";
         56 "DEF_ACTIVE_AREA" "";
         57 "DEF_SCAN_AREA(25um)" "";
         58 "58" "";
         59 "59" "";
         60 "VISUAL_KILLER_DEF" "";
         61 "61" "";
         62 "62" "";
         63 "63" "";
         64 "64" "";
         65 "65" "";
         66 "66" "";
         67 "67" "";
         68 "68" "";
         69 "69" "";
         70 "70" "";
         71 "71" "";
         72 "72" "";
         73 "73" "";
         74 "74" "";
         75 "75" "";
         76 "76" "";
         77 "77" "";
         78 "78" "";
         79 "79" "";
         80 "80" "";
         81 "81" "";
         82 "82" "";
         83 "83" "";
         84 "84" "";
         85 "85" "";
         86 "86" "";
         87 "87" "";
         88 "88" "";
         89 "89" "";
         90 "OVERLAY_OK" "";
         91 "OVERLAY_FAIL" "";
         92 "EDGE_CHIPPING_OK" "";
         93 "EDGE_CHIPPING_FAIL" "";
         94 "RETICLE_ ID_OK" "";
         95 "RETICLE_ ID_FAIL" "";
         96 "EBR_OK" "";
         97 "EBR_FAIL" "";
         98 "EBR_CENTER_OK" "";
         99 "EBR_CENTER_FAIL" "";
         100 "Scratch" "";
         101 "101" "";
         102 "102" "";
         103 "103" "";
         104 "104" "";
         105 "105" "";
         106 "106" "";
         107 "107" "";
         108 "108" "";
         109 "109" "";
         110 "TriangleCore" "";
         111 "Triangle" "";
         112 "112" "";
         113 "113" "";
         114 "114" "";
         115 "115" "";
         116 "116" "";
         117 "117" "";
         118 "118" "";
         119 "119" "";
         120 "120" "";
         121 "121" "";
         122 "122" "";
         123 "123" "";
         124 "124" "";
         125 "125" "";
         126 "126" "";
         127 "127" "";
         128 "128" "";
         129 "129" "";
         130 "SF" "";
         131 "131" "";
         132 "132" "";
         133 "133" "";
         134 "134" "";
         135 "135" "";
         136 "136" "";
         137 "137" "";
         138 "138" "";
         139 "139" "";
         140 "Downfall" "";
         141 "141" "";
         142 "142" "";
         143 "143" "";
         144 "144" "";
         145 "145" "";
         146 "146" "";
         147 "147" "";
         148 "148" "";
         149 "149" "";
         150 "CarrotCore" "";
         151 "Carrot" "";
         152 "152" "";
         153 "153" "";
         154 "154" "";
         155 "155" "";
         156 "156" "";
         157 "157" "";
         158 "158" "";
         159 "159" "";
         160 "ParticleTriangleCore" "";
         161 "ParticleTriangle" "";
         162 "162" "";
         163 "163" "";
         164 "164" "";
         165 "165" "";
         166 "166" "";
         167 "167" "";
         168 "168" "";
         169 "169" "";
         170 "PartialsS" "";
         171 "PartialsPL" "";
         172 "172" "";
         173 "173" "";
         174 "174" "";
         175 "175" "";
         176 "176" "";
         177 "177" "";
         178 "178" "";
         179 "179" "";
         180 "BPD" "";
         181 "181" "";
         182 "182" "";
         183 "183" "";
         184 "184" "";
         185 "185" "";
         186 "186" "";
         187 "187" "";
         188 "188" "";
         189 "189" "";
         190 "190" "";
         191 "191" "";
         192 "192" "";
         193 "193" "";
         194 "194" "";
         195 "195" "";
         196 "196" "";
         197 "197" "";
         198 "198" "";
         199 "199" "";
         200 "Particle" "";
         201 "201" "";
         202 "202" "";
         203 "203" "";
         204 "204" "";
         205 "205" "";
         206 "206" "";
         207 "207" "";
         208 "208" "";
         209 "209" "";
         210 "210" "";
         211 "211" "";
         212 "212" "";
         213 "213" "";
         214 "214" "";
         215 "215" "";
         216 "216" "";
         217 "217" "";
         218 "218" "";
         219 "219" "";
         220 "220" "";
         221 "221" "";
         222 "222" "";
         223 "223" "";
         224 "224" "";
         225 "225" "";
         226 "226" "";
         227 "227" "";
         228 "228" "";
         229 "229" "";
         230 "230" "";
         231 "231" "";
         232 "232" "";
         233 "233" "";
         234 "234" "";
         235 "235" "";
         236 "236" "";
         237 "237" "";
         238 "238" "";
         239 "239" "";
         240 "240" "";
         241 "241" "";
         242 "242" "";
         243 "243" "";
         244 "244" "";
         245 "245" "";
         246 "246" "";
         247 "247" "";
         248 "248" "";
         249 "249" "";
         250 "250" "";
         251 "251" "";
         252 "252" "";
         253 "253" "";
         254 "254" "";
         255 "255" "";
         256 "256" "";
         300 "Bar SF" "";
         450 "Misc Topo" "";
         500 "Etc." "";
         510 "Bump" "";
         520 "PitA" "";
         530 "PitB" "";
         540 "PitC" "";
         550 "Micropipe" "";
         600 "PL_White" "";
         610 "PL_Black" "";
         620 "InducedPL" "";
         999 "Unclassified" "";
      }
    }
  }
  Field FileTimestamp 2 {"05-14-2026", "16:04:03"}

}
EndOfFile;
